buildingID;x;y;totalArea;floors
40964;1811658;238270;129;1
49162;1148956;194238;876;1
57356;683596;1257545;500;1
57358;657794;1270839;801;1
24591;1828352;222217;163;1
57359;681466;1288068;468;1
57362;679028;1317517;501;1
57364;653285;1330931;805;1
32789;916296;933096;822;1
57365;677078;1348031;463;1
57371;675634;1519691;672;3
57372;687485;1530151;160;1
40993;620571;1002478;666;1
57378;322702;689245;326;1
49187;185655;1469894;654;1
57379;310171;661493;659;1
24616;2091105;517323;1159;1
57389;352703;734949;723;1
57391;321878;739558;779;1
57392;327326;724458;92;1
57394;359744;704542;339;1
57395;343249;706893;109;1
57406;239584;700911;379;1
24640;1529105;1587737;206;1
41024;1674140;980502;709;1
57408;218777;679263;817;1
57409;248471;672598;390;1
32855;723191;576790;1818;1
57431;1185759;466708;173;1
41049;395022;1349780;3111;3
49241;888822;587524;978;1
57434;1200746;458556;760;2
57435;1187788;446995;160;1
57444;1248231;547571;264;2
57447;1250013;534911;91;1
57448;1238752;536957;115;1
57449;1693972;897702;445;1
57450;1729977;900529;717;1
41072;1804669;317790;386;1
49264;1120159;474787;429;1
32888;1476507;1523180;324;1
24722;1160402;873385;1404;1
32926;773475;853199;1906;1
24745;1177541;212113;572;1
41134;904131;782439;1329;1
49336;1909738;693986;969;1
41159;1600895;852687;4608;3
41198;1612723;565852;589;1
33010;621343;1196090;927;1
24846;950705;141080;691;1
33041;788637;1310659;2430;1
49443;1192223;1040843;1842;1
41254;1451287;321990;4980;3
57645;1787749;503832;691;1
57647;673797;1004394;663;1
57657;2093130;1535431;201;1
49466;746575;1207730;1611;3
57659;2062574;1497973;191;1
57660;2081335;1514505;333;1
57662;2100564;1438891;209;1
57663;2082023;1417278;410;1
57665;2044026;1463956;1029;3
57666;2070181;1474209;217;1
57669;2054049;898416;251;1
57670;2039872;907166;273;1
57672;2091619;465054;791;1
57673;2100387;481343;132;1
57675;2117629;410169;636;1
57676;2129336;425220;94;1
57678;1826495;237636;288;1
57679;1843995;236771;117;1
57685;1820465;289813;99;1
57688;1572833;361019;1191;3
57689;1593934;323153;1104;1
57691;1357927;69791;721;1
57692;1390002;45380;1787;1
41320;910313;298734;2264;1
33129;869321;680615;997;1
57711;616325;558771;97;1
57712;625553;547969;190;1
57718;464537;617057;230;1
57725;450971;612990;178;1
57726;437714;617822;238;1
41346;1081615;1408149;220;1
24964;2087784;341080;864;1
57736;317810;951371;782;2
57738;282014;949308;1188;1
57739;248441;946688;1017;3
41373;1989429;599285;1269;1
57757;1015973;782392;106;1
57758;1028982;778136;216;1
57762;781231;370617;636;2
33187;1143667;1299699;305;1
57764;765451;389615;1111;1
57765;753091;367248;288;1
49579;845977;743405;1041;1
57774;1395789;656339;1356;1
57775;1370947;663542;621;3
57781;1805291;276044;568;1
57782;1802961;250127;795;3
57783;1963008;158025;1067;1
33214;1442674;229662;1074;1
49602;2049242;429989;409;1
33239;2004036;175712;774;1
49625;1292329;492509;133;1
57823;2067759;853311;660;1
49652;1703189;298788;4038;1
49683;1180920;174352;1562;1
33300;67744;995108;3726;3
25118;732769;876663;537;1
49704;2014472;1388671;267;1
33323;1567696;147566;851;1
25174;460370;1605163;1569;1
49807;1483815;1561247;598;1
25233;815295;1359526;584;1
49834;805746;430339;445;1
25260;1564760;190726;5925;3
49857;1005329;159633;1456;2
41673;1220768;732832;651;1
33485;320660;1449599;646;1
25299;330124;1564538;1530;2
41700;726471;1349551;633;1
25322;497655;569316;567;3
33514;955963;273854;3379;1
49915;605516;1279230;597;1
33547;853564;1291023;564;1
25366;1043182;1375315;3012;3
49946;1119087;941745;797;1
33578;621162;1144588;399;1
25397;549131;569809;1448;2
33601;826807;44042;1565;1
41817;723346;820890;768;1
41840;276399;1221071;417;1
25459;1858330;707207;537;1
33659;979994;539087;531;1
50046;459693;417052;762;1
41863;2043611;13616;999;3
25488;1844202;220204;272;1
33684;1544581;509852;682;1
50073;2066539;678647;1176;1
25511;908755;643046;2742;2
50098;332563;550630;337;1
41923;1211850;749857;234;1
25542;929402;1106177;527;1
50121;873202;780083;1182;1
33738;1876765;683062;708;1
33759;2090800;1481181;270;1
33788;356562;674277;1003;1
25600;721557;378678;760;1
41985;530413;1211817;780;1
50181;1755440;84566;441;1
33815;1610196;604270;1101;1
42010;993956;289282;841;1
42037;1772139;1429241;1656;1
33848;442431;846634;636;1
25658;1314502;815289;4505;1
33879;1539221;655891;2030;1
50264;2019173;101349;1762;2
25710;1684408;860166;535;1
25768;1512690;833072;270;1
42153;1880876;170277;1408;1
33980;689599;253821;1292;1
34003;1485425;805951;1690;1
42199;776937;655618;3521;1
25846;1108310;1135017;655;1
42253;1132559;548454;430;1
25883;1589731;1385157;3106;1
42280;687452;875139;460;1
34094;1176041;228548;415;1
25910;1117858;1027427;852;1
34121;720325;426152;597;1
34150;1126373;1344710;1334;1
50534;616710;934322;3304;1
25980;1892312;662748;498;1
50580;1870694;244765;300;1
42401;467023;1326231;644;1
50605;1235691;649106;821;1
50628;358742;1340418;873;1
42440;989870;739198;360;1
50657;155298;1446921;1711;1
34289;658248;1431697;694;1
26099;1716622;521736;5532;3
50688;1613070;187306;2404;1
26124;2146285;101542;789;1
34322;1532191;333578;545;1
50713;182228;803730;383;1
42529;1478171;911089;782;1
34345;553759;1272194;767;1
50736;1858919;275417;315;1
26161;1486433;1258632;5864;1
34368;1823703;151679;174;1
50767;1204485;1153614;8211;1
26207;1885268;384626;609;1
34399;1881294;956130;496;2
50798;1902595;1412388;1605;1
34426;1572504;592979;351;1
50821;1863023;218253;465;3
34453;1459974;470967;1104;1
26269;888114;1350801;812;1
50850;920828;1027528;1315;1
42695;810890;1436298;3065;1
26329;923992;551549;1237;1
50910;1484861;493129;714;1
42745;2150603;507970;280;1
34587;358281;1295587;1956;1
42813;668115;555419;956;1
34649;2067128;534412;469;1
26473;1801857;151225;762;1
51088;755204;934442;3854;2
26534;942264;974576;1929;1
42924;334244;301283;634;1
26560;1650009;237444;1111;1
42955;779152;581060;1867;1
34775;1512471;926923;512;1
26631;1070618;755070;428;1
51225;1056269;897977;1888;1
34845;417270;451262;914;1
43044;1782074;542803;1298;1
51253;780831;1353922;666;1
43067;1841699;173613;212;1
34876;1077706;478370;3134;1
26688;1725526;247227;770;1
51276;1098122;164493;1120;1
34899;236521;1457161;824;1
43102;674834;1564620;1668;1
26719;946819;204744;670;1
34926;1760167;304765;4081;1
43127;1932666;60053;701;1
34955;1008513;845316;974;1
51344;747725;1186898;718;1
43160;303849;1226468;336;1
34980;190810;775729;391;1
43183;1850303;183495;205;1
43208;2039005;621330;749;1
51428;608628;766634;1382;1
35050;199506;753098;289;1
26864;925862;252596;1159;1
43264;1261494;1055518;942;1
43289;1697090;228045;1698;3
51498;1631945;1343107;9806;1
43312;914733;682434;1165;1
35123;1022190;742878;488;1
26932;610283;1305083;310;1
35146;2113076;138824;575;1
43343;836296;84899;663;1
26986;1737434;95795;319;1
51583;1080058;1259725;898;1
27009;2022403;508850;637;1
43403;1671619;53900;865;1
27032;1939635;648674;819;1
51608;1847752;723140;571;1
35230;212656;1458347;405;1
51631;1993626;496765;732;1
27059;1229095;494503;402;1
35261;502027;603172;477;1
51654;823216;741656;692;1
27082;274886;1051434;1080;1
43488;1923715;344392;78;1
35323;1623399;258608;527;1
27175;530058;736337;8109;1
35389;2086191;1455825;254;1
27202;442372;598224;351;1
43613;1154146;914886;782;1
51857;717044;751541;5408;1
35486;1430436;403613;1036;1
27319;1087918;1319973;977;1
35513;455261;1181890;1811;1
43712;579537;173291;1450;2
35541;273947;1429903;663;1
43741;56509;748205;1599;1
43773;1509739;318744;936;1
27395;1643058;846391;659;1
43831;1658767;892676;653;1
35640;1906409;364959;460;1
43854;1555481;945249;3033;3
27481;1913354;999661;1992;1
27502;2088893;1377391;161;1
27525;1726736;204586;1716;1
43922;1673153;124252;411;1
27548;891572;680961;792;1
43986;666663;1198860;2184;1
35811;2093018;164097;1107;1
44009;1496361;919453;1088;2
44034;1826822;687418;1071;1
35851;572459;1188507;4312;1
27661;1695169;37879;1208;1
44069;1152146;1009919;1468;1
27688;1073544;1378872;834;1
44092;2086220;49507;938;1
35921;1002461;1390452;1113;1
44115;840160;639304;1095;1
35946;725481;1406295;261;1
44169;790387;229713;376;1
27791;1358727;1299932;964;1
44196;513981;511363;3150;3
36007;1972974;621068;1243;1
27822;1169311;593251;1244;1
44217;1996811;1411827;264;1
36032;233871;1408457;584;1
27851;1511969;453658;1424;1
52432;2070606;1538213;739;1
44250;680882;154423;3006;1
36063;2001897;1448991;2003;1
27878;1002935;1328623;828;1
44285;766994;433108;1471;1
52482;1626729;372198;1726;1
27909;2052032;1381755;1925;1
52496;1511155;282188;169;1
52497;1519159;259696;444;1
27934;2146761;562217;1338;1
52521;134267;677011;742;1
52522;167125;650077;859;1
52525;184489;529645;633;1
52526;131350;521356;2241;3
36158;511810;110257;1095;1
36181;797172;1540528;1120;1
27992;725491;1304007;1375;1
52568;122230;449377;927;1
52569;168213;485474;869;1
52570;221245;467542;789;1
52581;77932;472610;1339;1
52582;58901;521709;536;1
44426;610213;1258691;445;1
52620;275171;556044;886;1
52621;236962;612754;1535;1
52623;290805;701979;647;1
52630;395623;744082;565;1
36253;626126;1094732;719;1
52638;445616;694805;462;1
44449;589801;573238;775;1
52645;567903;619779;2092;1
52651;527796;627319;413;1
52665;632769;675688;833;1
52666;661975;647127;652;1
52667;637320;612630;1039;1
52672;232961;967945;719;1
52674;351584;978360;1682;1
52675;285510;913514;1087;1
52676;347840;886064;2310;1
36309;468660;1302310;701;1
52693;171195;892711;2614;1
52696;142205;936705;667;1
52697;232820;876109;1077;1
52720;371788;1122233;1078;1
52721;418721;1094303;1266;1
52722;376460;1060356;1359;1
52723;328926;1086898;1329;1
52729;374895;631784;2643;3
44538;1046787;753156;410;1
52738;386472;512108;383;1
36369;1970814;652181;420;1
52755;531091;342551;1244;1
52756;542039;372103;659;1
52765;568843;365262;708;1
52766;591652;375573;1554;3
52767;598544;357448;266;1
52768;586323;341878;514;1
44599;1299284;1459977;2738;1
36411;1973902;872212;1722;1
52814;805694;345302;1565;1
52821;632360;341920;302;1
28249;644425;774358;489;1
52825;770781;258500;546;1
52826;749510;226563;998;1
28272;1225600;687398;3120;3
52866;1312075;322695;108;1
52867;1331050;324921;118;1
52875;1259676;405760;3466;1
44684;1782368;609840;5914;1
52876;1380477;423582;925;1
52877;1408797;446868;724;1
36499;204688;1044583;969;1
28313;971133;573383;3264;3
52895;1354338;488179;1106;1
52896;1394017;457529;72;1
36522;523253;571061;376;2
52911;1525379;531703;522;1
52912;1459673;555230;2211;1
28337;1009709;875894;962;1
52913;1466157;598635;1568;1
52914;1492527;613483;481;1
52923;1409968;613786;1135;1
52924;1361028;634863;1726;1
36553;1344046;1324811;1004;1
28362;1012250;252865;918;1
52940;1328755;708192;4893;3
52941;1375389;719429;3999;3
52942;1377868;751718;1841;1
52943;1421986;732114;669;1
52949;1014403;670088;469;1
44761;705602;1304695;843;1
28385;1973098;189409;895;1
28408;552995;1252445;609;1
44792;1562752;477391;529;1
53005;376726;538453;127;1
53006;391172;536319;105;1
53007;387364;548711;76;1
53008;649346;545889;364;1
28435;1794089;1519742;1234;1
53027;288079;1316308;655;1
53028;274825;1296901;228;1
53029;318434;1308518;488;1
28460;1913127;126936;742;1
36654;1947280;90894;1875;1
44860;901062;979680;209;1
44895;330329;1282867;722;1
36712;1987403;426078;504;1
28524;1885874;227802;966;1
36749;1624043;108254;6422;1
53143;98095;898669;79;1
44961;298523;1279558;1026;1
36772;850193;585759;1383;1
53159;62027;843967;659;1
53161;84613;888307;552;1
53162;74270;922280;660;1
53172;44238;946059;933;1
53173;69138;958454;835;1
53174;96698;951924;806;1
45027;1373619;813615;2244;1
53234;1855635;947169;744;1
53235;1817348;940726;908;1
53236;1839276;895330;622;1
53237;1886692;883699;820;1
53238;1870299;915372;178;1
53239;1849653;913158;590;1
45054;1225782;582446;561;1
53257;1808642;970194;487;1
53258;1815337;1001943;856;1
36875;2114129;1455106;262;1
28690;1648727;586157;1834;1
36898;285920;618994;925;1
53283;231091;365529;1121;1
53284;211931;349459;395;1
53285;260420;339576;1090;2
53288;388475;1533057;325;1
53291;397758;1504473;381;1
53292;378112;1510257;187;1
53303;344533;1589912;274;1
53309;180733;1514454;1971;3
53310;146005;1501254;897;1
36927;402616;1239134;786;1
28742;1923843;373017;434;1
53319;123761;1464130;553;1
53320;143950;1484615;222;1
36950;1697453;168634;1742;1
45142;1253685;596317;406;1
53334;102965;1498240;1005;3
53336;73415;1492563;396;1
53337;87136;1504818;128;1
53347;102066;1475558;266;1
53349;79689;1455857;899;1
53350;105703;1443985;1380;3
53356;402094;1307180;1021;1
45165;1167207;309882;1878;1
53357;364814;1325152;230;1
53363;217116;1259638;588;1
53364;240903;1299321;689;1
53371;186431;1245665;1581;1
53377;109903;1212534;786;1
53378;149954;1221938;1494;1
45188;254995;689956;179;1
53380;132967;1180818;1634;2
53381;104470;1149431;808;1
53391;214248;1137398;646;1
53393;175734;1132376;722;1
53394;196842;1120739;210;1
53396;132716;1097353;195;1
53397;154585;1062789;1931;1
53399;112726;1052331;685;1
53400;131194;1038310;311;1
45211;1447439;897082;1525;1
37020;1121141;912216;796;1
28831;898890;261679;707;1
53423;580707;806670;759;1
53425;640667;867887;510;1
53426;628764;825485;2485;1
45236;1882956;103385;670;1
53429;581949;821892;206;1
53444;568333;851265;1922;1
53446;604052;858174;1281;1
45259;1531775;1527775;302;1
37081;1608916;889877;803;1
28891;1865839;643355;707;1
53472;404990;656163;1038;3
53473;435915;660138;765;1
53474;424110;643192;398;1
53475;419002;630591;282;1
53476;415093;608382;561;1
53477;446994;642449;138;1
53478;444866;632492;240;2
53479;463338;659369;254;1
53480;460925;642497;182;1
53481;463117;631791;122;1
37108;1742478;676958;894;1
53501;525807;605652;336;1
53502;540870;605639;178;1
45323;462653;598766;257;1
53520;527638;666858;447;1
53522;528318;639863;227;1
53523;525427;651779;114;1
53534;499189;664663;468;1
53536;501100;637795;236;1
53537;492555;648535;585;3
53539;570496;670452;862;1
53540;548865;654751;148;1
53549;468993;553046;601;1
53553;436044;548183;598;1
53554;449547;564490;273;1
53563;450583;509840;629;1
53564;471981;512613;659;1
53575;597049;442798;437;1
29002;1151234;944495;2313;3
53578;524518;468035;751;1
53580;528822;407872;1274;2
53581;508922;435766;733;1
53584;573011;472281;627;1
53587;577462;411828;545;1
53597;607640;472388;453;1
53602;612939;417367;450;1
29027;517046;995754;1023;1
53603;653004;448598;4321;1
53610;659242;515885;624;1
53631;591988;537430;106;1
53633;593840;510939;207;1
29058;738412;141995;826;1
53634;604805;522672;395;1
53637;622919;539899;216;1
53639;625160;513292;437;1
53640;630618;529160;237;1
53642;576304;509764;355;1
53645;579272;525078;394;2
53646;574135;535712;182;1
45456;1307213;1302945;1001;1
53656;551217;533980;210;1
53658;553121;507867;394;1
53659;549680;522649;257;1
53662;783438;463552;250;1
29089;919486;139633;359;1
53668;770552;482308;671;1
53669;757040;464225;804;3
53672;871105;456270;282;1
53674;894870;436310;1158;1
53677;892979;464678;704;1
53678;890861;492790;1051;1
37301;1071010;207035;1867;1
53702;1001182;501582;605;1
53704;977413;470643;1530;1
53705;1005817;440776;401;1
53707;1126802;448903;623;1
53710;1145098;478136;562;1
53711;1122539;509601;1117;1
45524;1026175;1236492;1885;1
53718;1142046;414443;577;1
53719;1057664;390076;3443;1
53721;1300350;512656;121;1
53722;1311909;520316;200;1
29147;1819545;568983;1046;1
37342;519796;936397;6046;1
53728;1281554;522865;205;1
53729;1295112;532175;221;1
53732;1239743;270975;2517;3
53733;1221504;307663;876;1
53735;1107045;298841;845;1
53736;1125089;262237;859;1
45547;1699493;636688;1022;1
53743;873990;286805;100;2
53745;856936;291662;264;1
53746;870368;295896;147;1
53748;822446;265694;1266;1
37365;1507275;764433;1548;1
53749;792695;292417;719;1
53755;745906;289177;753;1
53756;725864;257736;607;1
53759;668571;262297;237;1
45570;363129;1228889;699;1
53762;659994;280681;572;1
53764;610110;267494;1260;1
29190;132027;1256912;2065;1
53768;630852;216079;1356;3
53771;461243;356660;651;1
53777;408593;314280;1605;1
53778;481763;329781;882;1
37398;200916;1398223;737;1
53791;421517;375733;556;2
53794;407671;353630;762;1
53798;322104;325810;329;1
29223;557845;185918;463;1
53804;384128;365528;260;1
53805;345212;353267;1398;1
53808;161661;374518;343;1
53814;173865;338777;269;1
53815;162999;353779;146;1
53817;180726;476563;50;1
53820;174797;459403;1086;1
53821;162058;473228;58;1
29246;1720467;63619;829;1
45630;1848411;202985;230;1
37439;1992475;689079;969;1
53827;37816;423246;232;1
53828;67004;421408;474;1
53834;161511;622703;144;1
53835;156643;596434;748;1
53841;195437;554717;390;1
53842;180074;572808;461;1
53844;57188;585178;128;1
53845;56944;568453;88;1
53857;96823;807941;918;1
53858;132586;769296;967;1
53861;132230;722732;535;1
53864;204069;824911;656;1
53865;220213;830735;56;1
29296;1543209;1553724;443;1
53875;209667;937421;282;1
37493;1387073;131479;555;1
53877;203142;901028;126;1
53878;206714;915450;111;1
53880;167691;967850;2690;2
53881;192068;949347;407;1
53884;419918;987547;436;1
53886;432297;936321;1108;1
53889;131126;1422455;328;1
53890;129022;1436738;20;1
53892;352809;1466124;275;1
53893;342903;1480004;161;1
29319;548117;1329676;1004;1
53895;369588;1546749;306;1
53896;346559;1535175;292;1
53898;692641;1481880;1615;1
53905;660283;1479752;334;1
53906;634265;1464014;1116;2
45715;1502018;1535122;306;1
53910;742889;1500648;140;1
53916;727398;1507619;512;1
53917;729824;1530862;304;1
53935;737218;1476908;375;1
37557;110859;1096963;779;1
53948;875215;1541375;1613;1
29373;1259332;628037;1482;2
53949;914642;1577427;1305;1
53951;992317;1500913;2688;2
53952;959283;1550345;575;1
53962;847438;1474788;513;1
37580;2125281;534835;726;1
53964;790844;1472099;943;1
53965;821701;1464581;1554;2
29408;1484052;251400;879;1
53993;1054737;1537636;734;1
53994;1096981;1527303;1179;1
53995;1076403;1556803;1109;1
53996;1111773;1557973;337;1
53997;1139806;1562626;621;1
53998;1096955;1581544;949;1
54001;1152476;1497202;3589;1
45810;1529213;938317;411;1
54004;1202116;1436827;3844;1
29437;1563826;1505955;356;1
54015;1258003;1407755;290;1
54017;1258016;1386034;582;1
54018;1236509;1391913;271;1
54056;1511752;1414465;129;1
54057;1515094;1442575;604;1
45868;1801088;484734;739;1
54066;1676551;1496975;1078;1
54067;1718376;1445330;3720;3
54077;1715787;1508682;476;1
54079;1695083;1537539;354;1
54080;1714676;1530184;217;1
54092;1751722;1559491;531;1
54093;1755703;1532352;762;2
29519;833959;780343;1565;1
54096;2045509;1405907;322;1
54098;2020643;1410772;870;3
54099;2024449;1434759;330;1
54119;1965043;1178014;1557;1
54120;1968297;1125494;1456;1
54121;2018760;1130071;835;1
54122;1994070;1153826;1191;1
54123;2023641;1181637;1454;1
29548;582523;708427;630;2
37741;1592029;158374;843;1
54133;1919630;1091795;207;1
54135;1934064;1058925;348;1
54136;1935485;1081251;261;1
54146;1867390;1050959;518;1
54148;1834487;1027311;384;2
54149;1839893;1046808;440;1
54156;1821694;1086904;795;1
54158;1818098;1061857;388;1
54159;1806169;1065567;61;1
45972;853013;547364;1978;1
54165;1888340;1086175;622;1
54168;1896712;1123894;477;1
54169;1865773;1116220;662;1
54174;1860301;1011079;612;1
54176;1741279;1006434;459;1
54179;1730357;1033633;318;1
37797;1071859;844282;410;1
54182;1761333;1052351;1340;1
54183;1792090;1034206;347;1
54185;1766530;1008821;146;1
54186;1780363;998529;2031;3
45995;2123257;31480;821;1
54188;1758894;979245;391;1
54189;1782275;970662;389;1
54198;1901276;953008;507;3
54201;1904883;941115;63;1
54202;1893499;941130;142;1
29628;2062722;390808;3762;2
54205;1927203;958070;801;3
54207;1944667;946141;331;1
54208;1930101;946027;149;1
46018;1498833;1587518;362;1
54210;1956447;963484;152;1
54213;1960766;977429;273;1
54214;1944607;972836;170;1
54229;1714869;881448;693;1
54232;1660062;932268;1068;1
46041;84507;661212;879;3
54233;1701207;942549;782;1
54239;1623141;939828;744;1
54240;1642502;969595;2817;3
54243;1748138;864137;578;1
37861;867096;191112;1486;1
54249;1708213;830903;972;2
54250;1733585;838624;392;1
54252;1798184;762796;1452;1
54253;1762678;803878;4716;1
46064;69910;1089224;251;1
54272;1659823;775717;1333;1
54275;1628192;783536;329;1
54277;1626522;720360;331;1
54278;1614650;753961;1690;1
54281;1651183;691318;1564;2
54283;1677788;668746;434;1
37902;1754080;456334;2907;3
54286;1698747;697122;1449;1
46095;703982;1436767;1759;1
54287;1694902;731575;925;1
54290;1576225;725327;553;1
54293;1575505;699872;111;1
54295;1560173;696765;92;1
54296;1561368;708922;262;1
54302;1586301;679736;305;1
54303;1569566;686554;178;1
29729;733940;1227991;1102;1
54306;1526697;563481;756;1
54307;1509584;563884;175;1
54309;1440542;651759;556;1
54310;1465095;659947;1005;1
54313;1418809;680885;274;1
54314;1439150;700984;733;1
54332;1258051;809097;616;1
54333;1245507;768849;405;1
54335;1201916;790145;757;1
54336;1225686;827268;503;1
54345;1162388;785235;3278;1
54348;1089116;799348;1065;1
54349;1121965;806557;457;1
37990;1016920;1365094;408;1
38013;837293;678334;1401;1
29832;1238223;524987;238;1
54415;976334;754587;146;1
46236;1224747;227731;493;1
54432;1014175;800845;160;1
54435;1028042;806367;164;1
54436;1035383;792883;125;1
54438;1043641;795489;172;1
54441;1055393;808618;294;1
54442;1067768;795876;190;1
29873;748995;338847;2932;1
54449;1007793;781464;202;1
54450;994196;785398;102;1
38087;1052494;300397;1767;1
29896;1884300;352596;862;1
46285;839238;1548950;1740;1
54479;961295;737921;402;1
54482;951552;766650;520;1
54485;954171;796721;315;1
54486;986838;801824;966;2
54488;987246;766938;190;1
54489;999885;760790;217;1
54490;1056664;780593;446;1
54491;1092650;757124;880;1
54492;1125954;748439;373;1
54494;1147604;670895;7956;1
54495;1098433;693785;428;1
38112;1918602;161220;676;1
54501;986327;646270;1652;1
54502;1050279;646216;2442;3
29927;811574;384558;485;1
46312;1049610;851390;366;1
54504;973715;685540;2025;1
54505;1043437;694534;1221;1
54507;1104425;590953;684;1
54508;1077165;601450;1150;1
54510;1109006;555273;1455;3
54511;1072381;545034;900;1
54513;1019473;562603;353;1
54514;1021002;541931;693;1
54516;1015773;608982;675;1
54517;1017284;588419;346;1
54519;1030917;483899;486;1
54520;1036157;503768;737;1
54522;1040814;443182;486;1
54523;1032792;461589;639;1
38143;1322119;1278252;961;1
54539;942014;389873;1048;1
54540;884595;374082;1631;1
54551;961446;189695;259;1
54554;963372;165387;496;1
54561;935165;187787;218;1
54567;949261;172707;190;1
46376;246301;717777;1632;1
29997;921324;589999;1802;2
54573;935987;171486;807;3
54574;936692;155650;196;1
54577;922835;169420;168;1
54583;900138;168762;270;1
54584;895756;189826;192;1
54586;912269;163253;870;3
38203;21388;879175;3420;1
54588;911142;185162;152;1
30020;712609;1206033;460;1
38234;936676;467442;1126;1
30043;620861;642764;808;1
54625;786277;181499;1374;1
54639;810899;196970;210;1
54640;830421;183559;813;1
38257;440709;1310327;1297;1
30066;203613;1070798;1006;2
54642;820839;131786;601;1
54643;831107;150727;1542;3
54646;768041;157294;761;1
54648;774149;128568;607;1
54649;786110;143293;335;1
54651;735044;171993;273;1
54652;746112;189302;685;1
54658;879245;72101;528;1
54659;876172;96780;584;1
38280;2066801;184563;543;1
46481;1537430;779289;894;1
54683;902657;98262;481;1
38303;2085937;1468591;258;1
54689;908187;48289;509;1
54690;904439;74437;435;1
54694;940098;73095;744;1
46504;579257;1276897;432;1
54700;941039;43720;788;1
54701;971074;67932;1007;1
54707;1133631;116127;509;1
54708;1164652;111758;1920;2
54716;944488;104491;1165;1
54724;1174076;81203;310;1
30150;2075386;894517;479;1
54726;1151433;58277;828;1
54727;1128382;85102;631;1
54729;1101199;53689;1851;3
54730;1094473;72129;402;1
54733;1109735;114573;1050;3
54739;1093081;96194;390;1
54740;1086405;114834;389;1
54742;1052863;111912;630;1
54743;1056034;92581;285;1
54745;1057543;49598;536;1
54746;1057954;68534;277;1
38369;305171;844375;1166;1
54755;1014564;108734;594;1
54758;1005612;75093;692;1
54759;1018300;45787;436;1
46570;2087808;545574;575;1
30189;758088;1517718;873;1
54766;786032;43266;1685;1
54767;796836;83037;531;1
54777;814292;96012;266;1
54779;817358;70663;358;1
54780;809277;83523;366;3
38402;1908900;1060116;513;1
54790;642475;105384;1374;3
54791;623922;104463;92;1
46601;1261273;504353;728;1
30225;1410050;307027;2284;1
54801;613214;93447;128;1
54803;635525;81225;219;1
54804;618640;81432;130;1
54810;627074;122239;166;1
38429;926242;1228666;1935;1
54817;614327;115184;95;1
54818;605583;100379;238;1
54821;609098;118462;91;1
54823;598503;107290;101;1
46634;2108684;887143;505;1
54826;593817;117488;102;1
54827;585344;123646;143;1
54830;612052;135922;378;1
54831;596235;135249;61;1
54834;573193;134678;331;1
38456;710781;874698;435;1
54840;598065;153747;222;1
54841;582126;151352;126;1
54842;522157;250215;2254;1
54852;487011;217280;925;1
54854;481597;184429;649;1
54855;492127;201410;82;1
54865;448802;218041;746;1
54867;450700;181878;608;1
54868;453547;198181;70;1
30295;1960728;1030641;2166;2
54874;546701;190179;132;1
46684;1980650;289754;649;1
54885;567266;204682;164;1
54886;545629;197284;162;1
54888;541883;202554;275;1
54889;556703;223483;357;1
30318;1436906;487560;864;1
46707;809200;450844;206;1
54908;510816;188413;556;1
54909;516858;207416;110;1
38541;1774772;1542255;224;1
30373;1940650;567919;1518;1
54969;248387;300305;1768;1
54970;287620;289315;335;1
38596;864546;277364;285;1
30407;1236718;906114;3435;3
54984;212853;293261;133;1
54988;223431;314582;126;1
54990;193080;306194;1642;2
54993;179717;285145;368;1
55000;196679;280479;263;1
55001;218252;281902;274;1
55007;340753;634693;661;1
55008;334717;595874;913;1
46818;1898544;329992;702;1
55016;385199;594529;377;1
55022;352418;556409;907;1
55023;383581;565909;1085;1
55029;401330;501131;60;1
55030;415404;519490;644;1
46847;1512472;1482995;493;1
55040;370329;531172;240;1
55042;341021;522812;314;1
55043;353097;537573;114;1
55053;378215;504802;248;1
55055;348618;496237;313;1
55056;365968;493084;248;1
38677;1924667;308336;466;1
55072;302533;521754;347;1
55075;274826;513444;364;1
55077;286619;473081;736;2
55078;273234;491255;417;1
55080;314755;481298;1095;3
55081;316046;504001;419;1
55083;428511;412157;893;1
55084;447589;416096;423;3
30510;492627;1188438;1778;1
38714;240334;837187;806;1
55100;333111;431217;299;1
55102;299943;421481;293;1
55103;314911;431832;306;1
55105;306968;397523;291;1
55108;325362;395991;266;1
55109;339987;407279;867;3
46921;1587970;43962;6195;3
55115;494672;623168;272;1
55116;508387;630301;116;1
38735;2060693;1355249;423;3
55119;420834;712535;268;1
55125;439271;720346;395;1
55126;458074;715506;272;1
55132;410027;691821;442;1
55133;398664;710851;360;1
55136;421177;739476;392;1
55138;430578;759897;816;1
55139;455059;741876;289;1
38760;1122472;870403;1464;1
30569;505342;1328305;915;1
55158;420519;857002;379;1
55160;422797;831504;355;1
55161;413236;843176;108;1
55163;431981;798304;677;1
55164;444393;816799;304;1
55166;378244;804275;614;1
55167;399486;795611;377;1
55169;369869;842618;402;1
55170;391204;854000;544;1
55181;310749;782979;1937;1
55183;254798;767658;861;1
55184;254761;798969;1498;2
55190;115091;898910;683;1
55191;105894;873810;141;1
55201;121060;863076;363;1
55203;87497;854331;331;1
55204;104936;853081;192;1
38822;906986;743982;1074;1
55207;57471;885281;771;1
55208;71272;886426;304;1
55226;247792;1093105;566;1
55227;232358;1068510;512;1
38849;543612;95534;1559;1
47051;2087201;121270;721;1
55246;294647;1155253;914;1
55247;257938;1189633;1324;1
55255;213008;1184259;198;1
55261;192368;1163770;976;1
55262;168340;1180261;213;1
38880;1834289;327344;463;1
55265;46212;1031164;455;1
55272;35357;1048287;388;1
55273;43354;1068114;333;1
47082;455180;1087968;788;1
55282;34865;1086555;39;1
55285;23132;1091705;77;1
55286;10778;1083561;170;1
55296;70321;1101090;138;1
55298;57989;1077304;274;1
55299;79152;1089992;45;1
55308;70723;1070144;242;1
55311;77189;1053043;328;1
55312;74899;1034028;269;1
55322;248690;1250658;127;1
55324;248038;1219752;508;2
55325;240046;1240261;221;1
30754;807975;464866;146;1
55336;221089;1221619;238;1
55337;232815;1217656;118;1
55339;315269;1244347;99;1
55340;323977;1258369;287;1
55346;282204;1246196;258;1
55347;277483;1260982;199;1
55353;322194;1227566;317;1
55354;327259;1240559;63;1
30779;1232297;549786;202;1
55356;317925;1334236;143;1
55357;305506;1329700;135;1
38978;1181073;1228577;1646;1
30804;703292;83414;469;1
39001;562323;1303262;417;1
39024;1284927;642907;636;1
39049;1084767;1343528;1152;1
30864;2049215;1508977;234;1
47261;847811;461124;1353;1
55457;589652;1306908;666;1
39076;1812536;360937;414;1
30900;691678;832965;1184;1
55490;499343;1262890;272;1
55492;505865;1240475;308;1
55493;504735;1251243;99;1
55495;479309;1238271;330;1
55498;471947;1263109;1806;3
30923;1883901;258414;242;1
55499;484613;1261983;126;1
55502;456535;1260372;159;1
55504;457493;1237638;510;2
55505;441607;1247250;513;1
55527;598666;1145330;291;1
55530;606091;1130427;378;2
55533;600501;1115114;296;1
55535;628325;1126589;184;1
39157;1253665;660760;528;1
55542;617876;1121187;96;1
47351;1698042;354521;1017;1
55543;613721;1130198;141;3
55545;608974;1092587;398;1
55546;597413;1083108;193;1
55548;569752;1134547;316;1
55549;581109;1141303;223;1
55559;573542;1115373;148;1
55562;556584;1114571;168;1
55564;579890;1083090;418;1
55565;571270;1100767;168;1
55571;557916;1079468;328;1
55572;561338;1098966;260;1
30999;1490755;1479051;720;1
55587;558253;1141638;137;1
55590;548758;1141667;100;1
55593;545503;1131750;110;1
55594;549198;1120498;43;1
55596;562181;1129660;57;1
55597;559945;1121436;45;1
31022;1625468;868851;733;1
55604;534147;1099838;182;1
55606;520343;1079458;1100;1
55607;499409;1097019;448;2
55617;534268;1128322;583;1
55619;499014;1114135;205;1
55620;508413;1133213;782;1
31045;1720662;656454;743;1
55630;744301;1151456;652;1
55632;696355;1117767;5241;1
55633;747921;1103885;1482;1
47456;404960;547008;231;1
31078;177559;828342;327;1
55659;839078;1140968;1092;1
55660;837205;1157442;415;1
55661;837312;1169500;422;1
47481;2005851;476827;2292;3
55674;865921;1175284;290;1
55678;807433;1170927;628;2
39297;579181;1485924;74;1
55685;799220;1118687;1624;1
55686;880299;1124662;1342;1
55687;853340;1099860;324;1
55688;829671;1097734;268;1
55702;880560;1179426;711;1
55705;867541;1215025;584;1
31130;974241;606515;479;1
55712;806257;1210213;367;1
55721;874785;1243923;491;1
55722;847938;1254848;1566;3
55724;788358;1196185;4788;3
55725;802319;1251894;763;1
55727;833495;1215817;1040;1
31153;1728616;340878;797;1
55740;915399;1127543;376;1
55743;932672;1137197;344;1
55744;939537;1122724;216;1
39366;199742;1515158;103;1
31184;690797;61205;273;1
55762;982947;1161166;705;1
39389;1585214;1511714;333;1
55784;1058010;1122912;264;1
55786;1033182;1120588;433;1
55787;1047846;1115420;158;1
55789;1008418;1163186;1455;3
55790;1030660;1171812;828;1
55796;1126381;1244994;553;1
55797;1156214;1264220;863;1
31225;1847663;519131;969;1
55803;1101214;1217118;558;1
55804;1124157;1209596;611;1
55805;956775;1159126;477;1
55811;1180329;1309665;530;1
55812;1189920;1293725;247;1
31252;1867508;198142;404;1
55835;1224492;1241861;475;1
55836;1222656;1261981;264;1
39461;1460997;420541;1449;1
55846;1203232;1251246;106;1
55847;1209522;1260789;129;1
55853;1229451;1213374;428;2
55854;1236229;1226520;157;1
47667;1722591;117639;342;1
55859;933183;1164218;794;1
55869;802800;995880;1443;3
55870;801585;1018687;670;1
39488;804047;483298;738;2
55873;838995;1020743;740;1
55875;798363;955256;714;1
55876;823682;977644;652;1
55886;810230;925739;596;1
55887;854826;940709;1999;1
47700;2090974;664704;1034;1
39511;1386401;19919;335;1
55897;872693;873484;595;1
55898;870463;894729;398;1
55904;905913;875915;806;2
55905;899334;895870;417;1
55917;906672;855028;344;1
55918;903422;836074;521;1
55930;890899;869947;202;1
55938;846717;875743;340;1
31363;2023565;907993;127;1
47749;302257;1249062;222;1
55954;855294;828119;143;1
55957;842151;845723;96;1
55959;828231;829346;619;1
55962;813358;858694;1364;2
55963;828582;890328;786;1
31389;2015010;638546;770;1
39585;591535;1477000;636;1
55991;973654;835579;1278;3
39608;2053017;603001;593;1
47802;652530;743776;586;1
55994;948689;833573;201;1
55997;945903;848509;238;1
56000;944480;865997;225;1
56002;955014;899638;912;1
56003;943382;880843;168;1
47825;874543;741573;797;1
31447;25791;1082262;277;1
47848;1848249;298091;313;1
31472;1892838;1037269;243;1
39668;217075;1500465;352;1
31503;1042078;1143587;667;1
47906;543298;1477371;743;1
39715;575853;1504913;752;1
56109;1385605;852919;144;1
23343;1765069;699618;532;1
56111;1340882;839209;286;1
56112;1355001;865312;672;1
47935;1950701;278727;440;1
56130;749663;849019;438;2
23366;1895617;620812;1937;1
56148;784582;777178;565;1
56149;769957;786448;462;2
39766;1051797;999050;4161;1
56157;757765;781033;301;1
56160;759990;754999;253;1
47970;726578;533029;1695;1
56162;752606;734721;837;3
56163;762541;723614;218;1
56166;786341;747016;351;1
23399;1629931;662727;1297;1
56169;787473;725849;338;1
56175;773631;722321;157;1
39801;522932;154699;929;1
47993;2099200;1452988;250;1
23424;1936095;333178;204;1
56196;770196;736748;88;1
56197;772290;750768;152;1
56200;751315;822320;325;1
56201;744185;836982;267;3
48016;1299112;619467;629;1
31635;870714;145128;1397;1
56211;744457;1013907;961;1
39830;646723;714360;457;1
56214;710334;992869;491;1
23447;2046263;61368;1109;1
56221;740202;992053;213;1
56223;746049;975429;713;1
56224;760779;993893;294;1
56227;700817;1013075;546;1
56229;675817;976349;601;1
56230;703972;972138;488;1
48039;644878;576797;484;1
56231;837457;998187;418;1
23470;899703;236163;521;1
56244;915828;1376963;420;1
56246;920157;1334336;927;1
56247;906005;1358095;286;1
56249;923877;1296437;578;1
56250;896806;1302672;557;1
56252;865356;1314118;417;1
56253;847710;1323825;241;1
56257;860333;1362731;196;1
56261;837354;1361342;104;1
56263;838432;1341083;157;1
31691;2066887;148525;875;1
56270;854578;1349768;267;1
56271;863395;1339133;136;1
56283;823343;1310686;87;1
56284;834985;1302979;134;1
31714;2118314;111372;832;1
56294;637378;1568362;917;1
56296;644195;1498314;1283;1
56297;633279;1534802;1122;1
56299;718801;1560472;357;1
56300;738475;1588028;972;1
56301;759769;1457500;693;1
56302;1037719;1580200;1521;1
56303;1212548;1496745;1851;1
56304;1532207;1435951;113;1
31739;577418;999168;654;1
56327;1555440;1432434;1898;1
56328;1590535;1422444;411;1
56329;1565854;1467477;483;1
31762;2112575;558375;741;1
56338;1593953;1483917;603;1
56341;1616103;1464925;987;1
56342;1622034;1438845;631;1
39964;1460733;511386;737;1
23590;1007025;1302827;857;1
31793;1491820;95421;6645;1
56380;1359703;1387094;628;1
56381;1372621;1421761;321;1
56387;364709;1554735;1233;3
56388;369285;1582138;579;1
56389;103972;718744;325;1
56395;623327;377900;718;1
56396;628406;357342;257;1
56398;611665;334941;358;1
56399;612139;316201;1047;3
48210;1696468;86891;3597;3
56405;670763;382117;606;1
56406;647842;378176;259;1
56410;684271;350438;521;1
56413;666733;349456;485;1
56414;649441;351608;322;1
40034;513133;850948;2354;1
56420;651605;331105;145;1
56421;669425;319207;630;1
56423;635066;317421;336;1
56424;640536;330500;118;1
48233;667950;1224082;423;1
56430;576427;315126;822;1
56431;577232;329318;233;1
56433;593020;243001;1302;3
56434;604076;218999;554;1
48256;537134;1301256;354;1
56448;1237597;197090;269;1
56450;1225013;180443;195;1
56451;1217873;201927;283;1
56459;1314057;225696;574;1
31884;1672900;610747;1145;1
48279;2060521;229556;709;1
56479;1300484;200039;2382;3
56485;1271881;182529;478;1
56486;1292747;168837;282;1
56492;1271090;213097;109;1
56493;1285570;229889;2322;3
56495;1323150;170214;308;1
48304;1534050;728475;824;1
56496;1315835;183609;337;1
56507;1351631;198573;1386;1
56508;1358039;234527;1620;1
56510;1370499;95037;207;1
56513;1386185;97922;269;1
40131;621259;575345;337;1
23749;701300;930488;2836;1
56520;1392624;77401;470;1
56521;1410738;56060;312;1
31946;1898495;139848;643;1
56532;1534260;293483;413;1
56535;1591041;249313;506;1
40154;1780660;173101;183;1
56541;1534561;225122;464;1
48350;1271221;671102;698;1
56542;1565088;233780;709;1
31969;872178;641720;771;1
56548;1553235;265340;979;1
56549;1555908;299133;444;1
56552;1634020;296147;649;1
56555;1829716;261824;582;1
48381;881742;44198;2355;3
56576;1842650;367837;301;1
23811;1344728;41942;343;1
56579;1852425;357686;66;1
56582;1852762;344090;330;1
56585;1863862;333980;144;2
56588;1863769;321139;248;1
56591;1873957;311781;95;1
56592;1874955;297005;278;1
48404;1841305;583793;650;1
23838;521072;1305044;392;1
40226;997520;903867;1076;1
48431;480431;859102;270;1
23867;825194;1285726;610;2
32062;1518878;806478;665;1
40258;1596537;701634;539;1
48470;538675;1410080;9463;1
32089;528420;137307;78;1
23899;1208635;1224787;448;1
32114;873514;1022711;2304;3
48502;1741010;150937;1385;1
23932;720428;464868;1352;1
32137;65404;1175239;63;1
23955;486321;266983;588;1
23976;1978475;1464628;133;1
40360;493441;1304473;332;1
48570;1850073;659716;1800;2
23997;2008382;1486027;165;1
40385;1043634;1321926;1989;1
40409;909672;1429068;329;1
24028;1536477;1404457;1346;1
32228;2118244;77759;819;1
40432;1564498;808944;508;1
32260;915524;201343;379;1
32291;1035701;186652;906;1
40488;2034490;486896;443;1
32316;1589203;916543;1106;1
40516;551989;548030;289;1
24141;1247974;702101;3882;3
40541;1959207;669708;488;1
32351;1188745;954488;224;1
32374;1671636;208489;1804;1
48761;1235597;1415473;741;1
40570;612610;714042;425;1
24211;1113705;209404;1499;1
40598;1042043;1409742;4308;3
56983;1794282;228319;81;1
56985;1780743;226629;208;1
56986;1782567;213485;93;1
56995;1905045;283887;588;1
56998;1907264;263894;244;1
56999;1926188;258616;552;1
57001;1973905;317658;609;1
57004;1955724;319727;165;1
40621;2121132;173219;655;1
57005;1941693;318048;219;1
57014;1925862;403164;285;1
24248;1594976;554127;495;1
32442;1674021;462869;969;1
57018;1936448;371036;189;1
48827;1209324;558353;792;1
57020;1943100;381900;302;1
57021;1964272;361494;400;1
40654;873962;841004;826;1
32465;584378;1256496;264;1
24285;478352;1085531;1226;1
57061;2021037;348183;1278;1
57062;2015649;308631;415;1
32488;1122445;987765;1715;1
57081;1923109;459258;143;1
57084;1956917;470219;1060;1
32511;890739;549062;1183;1
57087;1816750;400834;334;1
48896;2058821;1435774;592;1
57090;1844031;406370;522;1
57091;1902886;434671;1314;1
48939;1503351;877939;3615;1
32571;1802855;344629;123;1
40767;782729;537188;1737;1
32594;1580343;788262;289;1
48990;1538758;1488446;466;1
32617;1733326;361886;532;1
49015;993081;1360520;495;1
32642;2065043;33100;623;1
24452;1370644;1055129;1041;1
40847;2031568;690145;1181;1
49046;1276669;1360130;1903;1
24477;1004700;204154;1540;2
32688;592114;1333205;1094;1
49073;1113713;1058960;961;1
32711;2052287;511768;1145;1
49096;714224;1184483;717;1
57305;2027888;883003;473;1
57307;2021372;848580;444;1
57308;2012093;867847;253;1
24543;1995051;144801;2376;3
57318;2087057;866290;293;1
57325;2093916;899851;347;1
57331;2100794;847440;1896;3
57332;2082159;835101;232;1
57335;1980893;828872;551;1
24568;751268;878305;279;1
57336;2046517;811483;1303;1
32762;720781;650725;4590;1
