entityID;x;y
16384;299554;998797
8194;1690224;1256199
40964;1811658;238270
24580;748395;892669
6;1539360;523263
32774;732828;610582
16393;381815;1005789
49162;1148956;194238
57356;683596;1257545
57358;657794;1270839
24591;1828352;222217
57359;681466;1288068
57362;679028;1317517
8210;1850218;755236
16402;1711523;1164465
57364;653285;1330931
32789;916296;933096
57365;677078;1348031
49174;1146037;231524
8217;621767;1305192
57371;675634;1519691
16411;1704150;1169225
57372;687485;1530151
29;322741;1428019
40993;620571;1002478
32801;911850;921954
57378;322702;689245
49187;185655;1469894
57379;310171;661493
8228;766421;1207959
16420;1698270;1175750
38;1795311;686696
24616;2091105;517323
57389;352703;734949
8237;1676738;1168399
16429;1694125;1184359
41005;625276;1016652
57391;321878;739558
49199;191544;1459016
57392;327326;724458
57394;359744;704542
57395;343249;706893
8244;1638091;886185
24629;2089385;500820
16438;1692846;1193461
58;811236;113779
57406;239584;700911
16447;1694191;1203074
24640;1529105;1587737
41024;1674140;980502
57408;218777;679263
32832;63444;1490596
57409;248471;672598
65;1630398;1518145
8264;1557458;131485
16456;1697907;1211052
74;301514;1340424
24652;1527888;1596662
41036;1656278;1003722
49230;1011958;120588
8273;1374819;1234083
16465;1702819;1217371
57425;649960;218080
32855;723191;576790
57431;1185759;466708
41049;395022;1349780
49241;888822;587524
57434;1200746;458556
8282;1330309;1208935
57435;1187788;446995
8291;1562472;587332
32867;720943;595654
57444;1248231;547571
41061;409508;1355079
49253;886542;606950
57447;1250013;534911
103;1964748;272948
57448;1238752;536957
57449;1693972;897702
57450;1729977;900529
8300;2086112;87440
110;994310;229964
41072;1804669;317790
49264;1120159;474787
117;1467749;682402
8309;1206015;643857
57463;1579583;801679
32888;1476507;1523180
124;438186;1087147
41084;1795698;318997
8318;2076553;66377
57474;1730203;353587
24707;177010;979992
133;1122699;831815
8325;2067224;648517
32901;1468514;1520975
57481;1761781;373897
57482;1785605;372198
140;965964;356412
8334;1669603;1286257
24722;1160402;873385
147;743567;1418173
8343;1065534;1118872
49307;1063501;1118736
32926;773475;853199
158;1742700;1347050
8350;999838;1344833
24734;1156188;843172
16546;1538959;113545
41123;573822;1066151
167;775318;1072830
8359;552226;1229564
57512;1524952;736562
24745;1177541;212113
57513;1839081;739698
32938;787946;860711
16555;1457376;162801
41134;904131;782439
174;765473;407516
8368;419656;1301816
57523;1807339;503614
16564;1628332;57079
57524;1907057;409906
181;2140430;520970
24757;1194105;211822
49336;1909738;693986
8377;1791524;1100125
41146;905570;806809
16573;1587420;84173
57535;1947237;131920
8384;1649541;826282
57536;1942222;139543
49348;1903878;681166
16582;1674750;19316
41159;1600895;852687
199;1845959;981600
8393;1226954;1205772
16591;1653702;38293
41171;1630977;815723
8404;484416;1619880
215;1184154;143275
16600;1363600;1191232
24792;737052;1599275
57563;1924850;85699
57564;1941422;66651
8413;1764419;1141704
57565;1941793;71525
222;1510263;237670
32993;848270;901768
57570;1925303;121128
57571;1909090;99909
8420;170176;1415875
229;783477;1369877
49383;1305043;244022
16618;1596097;1543229
236;1358481;606759
8429;1102354;1411104
41198;1612723;565852
33010;621343;1196090
243;887342;1231474
16627;2102684;224551
8436;757798;1311299
41210;1619201;576690
16636;1478385;1459470
8445;1441668;1235367
33022;630726;1204484
256;1790788;257502
8452;1243202;755377
57604;1888466;123708
16645;1572316;1581096
57605;1896801;115959
49414;774669;797853
57607;1901628;108157
57610;1895600;114531
8459;1900004;650879
57613;1890988;118164
24846;950705;141080
270;1596918;984307
16654;2042895;158302
57616;1887167;122509
33041;788637;1310659
57617;1882247;126499
16663;2065660;120223
281;812348;610482
24858;952585;130687
8475;1379886;1200769
41243;1012090;532179
33053;801989;1275878
288;165914;405787
16672;2075823;210724
49443;1192223;1040843
41254;1451287;321990
295;330302;758873
57640;2126325;145611
16681;2046452;195173
57641;2116355;165583
57643;2101700;182688
57644;2103960;184072
57645;1787749;503832
57646;1475113;935926
57647;673797;1004394
8495;624422;1276541
49455;1188875;1071573
16690;1459997;1572379
41266;1448199;358118
57657;2093130;1535431
313;759901;306120
49466;746575;1207730
57659;2062574;1497973
16699;1459600;1560722
57660;2081335;1514505
8508;1524665;956968
57662;2100564;1438891
57663;2082023;1417278
33087;1633095;907671
320;720865;600625
57665;2044026;1463956
57666;2070181;1474209
8515;50447;978509
57669;2054049;898416
57670;2039872;907166
49478;763909;1207766
327;1922527;416708
57672;2091619;465054
57673;2100387;481343
8522;1197087;212098
57675;2117629;410169
57676;2129336;425220
16717;1456469;1586572
57678;1826495;237636
57679;1843995;236771
8531;1767893;1315941
57685;1820465;289813
16726;1464044;1507920
41303;880952;111717
57688;1572833;361019
57689;1593934;323153
345;441733;490550
8538;1787140;287464
57691;1357927;69791
57692;1390002;45380
24924;789081;948459
33118;336023;512692
16735;1470626;1481799
352;1171397;1256136
8547;2092036;76438
57701;1362182;26378
57702;1339211;30864
41320;910313;298734
16744;1458857;1549598
33129;869321;680615
8556;200495;673998
57711;616325;558771
57712;625553;547969
16753;1460144;1532260
370;1308411;1561962
33141;864715;703805
41333;893754;321628
49525;1154887;132252
57718;464537;617057
8569;1547835;752042
24953;277753;1325065
16762;1945358;883080
57725;450971;612990
381;134227;1193536
57726;437714;617822
8576;2141919;596079
41346;1081615;1408149
16771;1655236;1017885
24964;2087784;341080
390;931127;816728
8583;17833;1045111
57736;317810;951371
57738;282014;949308
57739;248441;946688
16780;1625765;1000931
41358;1087078;1416460
399;1019250;722010
24976;2077487;321450
57745;1028607;1605909
57746;1043613;1600345
8596;1685762;622661
16789;1576707;978372
406;1982516;445486
8603;585020;199638
41373;1989429;599285
57757;1015973;782392
413;380048;686813
57758;1028982;778136
49568;613023;305193
57762;781231;370617
8610;1740422;375596
33187;1143667;1299699
57764;765451;389615
420;924263;123388
57765;753091;367248
16807;2091208;1288649
8617;1965056;634929
49579;845977;743405
427;359497;1139466
57774;1395789;656339
57775;1370947;663542
33199;1144917;1310208
434;1144428;1315270
8626;437380;491640
57781;1805291;276044
57782;1802961;250127
57783;1963008;158025
49591;847464;719716
16825;1973732;918674
8635;433604;495728
445;1567163;1487190
33214;1442674;229662
49602;2049242;429989
16834;1131692;617682
8644;427805;498835
57797;1974580;992415
454;883894;1275117
57799;1963239;1000265
33226;1428462;231682
16843;1120260;623295
461;475706;644944
8653;418461;497798
49614;2038676;451308
16852;1108001;627398
8662;389221;487624
33239;2004036;175712
49625;1292329;492509
57817;710092;1197078
25051;1122857;628125
16861;2075707;104123
57823;2067759;853311
479;275772;1205836
8671;356178;474912
33252;2024248;184186
16870;1153489;554014
488;606562;1572888
8680;329084;465432
16879;1151837;576371
8689;299418;456310
49652;1703189;298788
16888;1149440;592658
506;2080380;928040
8698;278697;447266
25082;411991;668920
33279;1313117;714651
49664;1680181;264524
16897;1146521;604015
515;1115437;1188434
8707;773366;1110124
522;1774596;1494654
16906;2000510;1088875
8716;770802;1158234
41485;1123572;820447
49683;1180920;174352
16915;1657708;1303472
33300;67744;995108
533;2036437;374278
8725;768719;1190905
540;1532181;639555
16924;2100110;919372
25118;732769;876663
8734;766583;1233288
49695;1174994;148244
33312;50207;982283
547;389130;644757
16933;2005926;1580231
8743;476373;1014124
49704;2014472;1388671
25130;733595;891482
33323;1567696;147566
558;1048373;1289883
16942;1570721;1216319
8752;542345;1019672
41522;817146;1086008
567;1705642;1485275
16951;1919398;850078
33335;1560097;132792
8761;601706;1024637
16960;2033430;1013536
578;662447;895054
8770;1085507;35189
585;1214194;1204800
16969;2164753;571587
25161;1244442;301871
8779;1028202;30544
592;613901;1476422
16978;1776322;713853
33362;276175;1201068
41555;500585;675430
8788;1171086;42028
25174;460370;1605163
599;2070104;820386
16987;1232997;1061887
49755;1934388;1047744
8797;1128546;38670
606;1687199;1507365
25186;481596;1617634
16996;1792644;713412
8806;1915807;193508
615;690748;493391
17005;2021698;1002079
622;352255;865699
8815;1257425;48265
41588;560788;1149934
17014;1174443;618316
631;308888;549533
8824;1934610;156661
638;357681;1445199
8833;1929254;167401
49794;811097;121168
33411;601766;1153472
17032;1791253;695686
49807;1483815;1561247
25233;815295;1359526
17041;48862;1570299
8851;1940286;145600
660;1892190;1169178
41621;1227170;1208562
17050;71919;1304075
667;103840;839065
49819;1469473;1564943
8860;1986017;57232
25245;812374;1368196
17059;68899;1337470
8869;1958246;110308
678;1914293;658452
49834;805746;430339
25260;1564760;190726
17068;1074051;1183720
685;2057038;1127710
8878;468053;489942
692;700911;1560345
49846;804174;416831
8887;477990;489318
25272;1542455;172494
701;208750;1025987
17086;41142;1268694
41662;725289;708829
8896;447522;488103
33472;1310368;422601
49857;1005329;159633
17095;1724781;1502613
41673;1220768;732832
8905;454955;488262
33485;320660;1449599
717;2113987;506461
49869;1010064;138220
17104;1781114;671189
8914;678553;896278
25299;330124;1564538
724;1746357;56477
41685;1219849;741647
17113;1668979;1538911
33497;318698;1436103
8923;697886;897773
733;1870913;184836
17122;1458816;1604070
41700;726471;1349551
740;867271;1047118
8932;1971777;273897
25322;497655;569316
33514;955963;273854
747;233729;856494
17131;1601532;492760
8941;2026527;290185
41712;726840;1360671
49904;1035300;431984
17140;1390616;1387257
758;67930;1364530
8950;767262;902617
25334;497297;577633
33526;957706;230301
49915;605516;1279230
765;1250436;1206689
17149;51014;1549660
8959;812581;906012
17158;1371107;546832
49927;621090;1276506
8968;719031;899225
33547;853564;1291023
779;1496775;263139
17167;1390008;902942
8977;740219;900787
788;1903026;1175673
25366;1043182;1375315
33559;854503;1279218
17176;1805185;698290
49946;1119087;941745
8986;884270;911953
795;1222546;242565
17185;1323626;946762
25378;1038516;1357330
49958;1097942;932710
808;466982;779245
33578;621162;1144588
17194;1748548;1365348
9004;840533;908285
41773;900363;1594960
815;567903;591404
17203;1482619;1169993
25397;549131;569809
9013;862398;910104
822;746120;310161
33590;615501;1154666
17212;1223296;848728
9022;932292;916438
33601;826807;44042
25409;554317;581586
836;1485442;1165458
17221;853629;1614413
41804;1198998;438773
845;398898;1216666
17230;1608629;481707
9040;901788;913220
852;1715864;474687
41817;723346;820890
9049;915986;914944
859;1978089;276914
17248;839806;265010
9058;1792555;102415
868;639933;595466
41829;722089;808151
25448;736319;1452910
17257;2001058;974193
9067;1757073;65798
33644;61632;556520
877;771059;210825
50029;971163;187271
41840;276399;1221071
17266;1735958;1355537
25459;1858330;707207
884;98683;501039
9076;1137123;603605
33659;979994;539087
17275;1708697;1416316
41852;275324;1212055
9085;1129204;589924
50046;459693;417052
895;904239;121091
17284;1652048;1489103
902;1683492;484485
41863;2043611;13616
33671;977108;529442
50058;477274;428718
17293;1951453;507094
9103;1855665;167268
25488;1844202;220204
41875;2030714;26621
33684;1544581;509852
17302;1744692;553159
920;619308;691014
9112;1841294;153028
50073;2066539;678647
17311;1227324;1289869
33696;1541749;520240
929;1224383;1288523
9121;1824816;136326
50085;2051712;663473
25511;908755;643046
17320;1566540;1224672
9130;1895727;208689
943;901654;1600041
50098;332563;550630
9139;1884726;197499
25523;902566;624857
952;204590;1374221
17338;101925;998025
9148;1876285;189105
50110;326780;542501
959;1295262;551065
41923;1211850;749857
17347;870755;1399133
9157;1866304;178521
25542;929402;1106177
966;1621761;580385
50121;873202;780083
33738;1876765;683062
17356;611658;890692
973;1986415;928974
9166;1959990;267660
41935;1207723;743449
25554;920618;1094805
17365;582781;888224
50133;866603;803783
9175;1949726;258202
984;789510;904195
17374;645954;893707
33759;2090800;1481181
991;1764022;1504263
9184;1939517;249083
998;522910;315714
17383;625957;892063
9193;1919687;231123
1005;699627;956393
41966;1277215;241887
17392;489877;880015
25585;653269;307692
9202;703636;1548016
1014;1163571;433209
50168;1349169;83222
17401;469125;878256
9211;701271;1580369
33788;356562;674277
1023;1774008;233879
25600;721557;378678
41985;530413;1211817
17410;539004;884473
9220;11548;457577
50181;1755440;84566
1032;726715;1364823
33800;372927;685314
17419;509986;881893
25612;724097;397262
9229;17395;526545
41997;519256;1221337
50193;1763077;79088
17428;1817510;745336
1046;768955;1172842
9238;724192;1472307
33815;1610196;604270
42010;993956;289282
17437;1478871;340610
9247;718126;1490026
1057;1653915;870275
33827;1604616;590399
17446;1953990;1222549
42022;993145;251160
9256;714283;1502890
1066;623682;397236
17455;1238879;1296433
9265;708924;1522377
1075;1726896;235011
42037;1772139;1429241
33848;442431;846634
17464;1904128;857690
25658;1314502;815289
9274;1407752;218373
42049;1763127;1438099
9283;1427246;246744
33860;432661;867807
25670;1290492;789416
9292;137906;877439
1106;1162646;1027469
9301;126477;915184
33879;1539221;655891
50264;2019173;101349
1113;2075851;305045
17500;950718;225870
9310;22167;501230
42078;584279;387642
1122;241811;526605
33891;1534089;643895
50276;2051985;127364
17509;964672;227040
9319;21017;434091
1133;624125;1357531
25710;1684408;860166
17518;922016;223590
1140;647213;696647
17527;936395;224705
25722;1677985;849758
1147;1345211;517627
42109;1149912;48126
17536;749915;508291
9346;1446137;388641
33926;633851;883422
17545;871099;219706
1163;1193615;735394
9355;1487656;401622
1170;973465;620873
17554;905977;222503
9364;1210128;372594
50325;514745;1061486
42136;226891;1302216
1179;1669408;642298
17563;1643567;1471711
9373;1326175;380738
1186;714820;494018
17572;831555;364934
9382;1822692;964702
25768;1512690;833072
42153;1880876;170277
1193;57234;1490257
33961;1315827;161276
17581;6746;934985
9391;1855977;990850
1200;323476;539515
17590;1699013;1398322
42166;1883222;190336
1207;200018;853559
9400;1506428;409725
50360;1260066;558795
33980;689599;253821
1214;741170;961227
17599;24761;955720
9409;1790787;941805
1221;1483070;1448592
17608;20511;935993
33992;671521;250668
9418;746346;1414272
1230;2051723;1138520
17617;715621;509297
34003;1485425;805951
9427;750306;1391478
42199;776937;655618
1239;604303;496005
50393;392286;1548483
17626;742260;510061
9436;730053;1455817
1246;921359;1279515
17635;638809;503107
42211;772411;614257
9445;738503;1433913
1255;146656;848794
25833;565394;225225
17644;666034;506011
9454;928015;350731
1266;583588;394084
17653;823114;488077
25846;1108310;1135017
9463;1067613;361464
1275;1168777;347663
17662;627779;499659
9472;845137;327397
25858;1111412;1109446
34050;1097987;127645
42242;914283;1383092
17671;826175;433191
9481;869239;338531
1291;1232467;1268268
42253;1132559;548454
17680;824655;461108
9490;1572810;445360
1300;2012601;1014023
17689;985281;1342531
42265;1126061;539340
25883;1589731;1385157
1307;1475439;1469436
9499;1057213;1452562
17698;980538;1339146
9508;1997443;947217
25895;1652842;1423063
42280;687452;875139
17707;982133;1311927
1325;821680;511975
9517;2020118;975754
34094;1176041;228548
1332;1514818;125904
17716;1637714;512872
42292;691554;888110
25910;1117858;1027427
9526;447626;987072
34106;1172563;236031
1339;891691;910716
17725;1681731;562121
9535;454149;924148
1346;604712;891773
25922;1094485;1024820
17734;1742301;628231
9544;1208052;1088062
34121;720325;426152
1353;1006140;1598426
50505;654184;265891
17743;1114490;1371972
9553;1255402;1091077
1362;624254;1025149
34133;724674;411319
17752;1093545;1364161
9562;1912140;1031215
17761;1059232;1357448
9571;1883865;1014955
1380;1646517;46128
34150;1126373;1344710
50534;616710;934322
17770;1028581;1351720
1387;60681;1449763
9580;893535;1383689
25969;736381;1027699
34162;1136518;1358094
50546;604936;899418
17779;1008671;1347894
1396;553355;586910
9589;1925940;1037155
1403;1230420;1088118
25980;1892312;662748
17788;994465;1344799
9598;992300;1403003
1412;938551;717738
17797;628770;1350117
9607;952052;1392752
25992;1898174;652960
50569;1693273;1492035
1419;519503;290175
17806;633741;1299216
9616;1043721;1441624
34193;113810;1024502
50580;1870694;244765
1428;1145814;238010
42390;1924239;412082
17815;637985;1247132
9625;1015076;1420158
1437;1050412;423381
17824;67556;1350324
42401;467023;1326231
9634;894100;1050985
1444;756126;210474
17833;1165589;403410
1451;1651308;525487
9643;847484;1046655
26027;246046;866896
50605;1235691;649106
42413;469565;1339674
1458;384212;673424
17842;1159191;484617
9652;814748;1043610
1465;1077485;829928
50617;1215618;645831
17851;1129576;728242
9661;789944;1041270
1474;615321;1158067
34242;639506;602797
50628;358742;1340418
17860;1056956;721237
9670;754453;1037956
42440;989870;739198
17869;1032788;720696
9679;708492;1033666
50640;359043;1358819
1490;132736;581803
42452;991635;728797
17878;1005720;719825
9688;669639;1030223
1497;500126;681238
26074;812085;1263658
17887;985250;719201
50657;155298;1446921
9697;637037;1027599
1506;772531;1144222
17896;961327;718711
1513;1101329;831689
9706;1172436;1085762
50669;163619;1419174
1520;1154107;1097797
34289;658248;1431697
17905;1387237;867885
26099;1716622;521736
9715;1137447;1083148
42487;1178432;1323793
1529;601751;1156955
17914;1428798;755624
9724;1099266;1080059
34301;635133;1427729
26111;1716946;486365
50688;1613070;187306
1536;1346781;613311
17923;1409625;805710
9733;1074682;1077989
1545;447962;579011
26124;2146285;101542
17932;1440806;732145
50700;1617484;224888
9742;1053161;1076443
34322;1532191;333578
1554;1126738;534784
17941;1434277;744648
42518;811201;105932
26136;2160728;145458
50713;182228;803730
1561;1412920;367107
17950;1489137;648891
34334;1535231;351554
9760;947984;1069444
42529;1478171;911089
1572;1904151;216413
50725;172391;798579
17959;1458194;701433
34345;553759;1272194
9769;933871;1060984
1579;892443;327415
42541;1476929;931483
50736;1858919;275417
17968;1778757;514630
26161;1486433;1258632
1586;1776808;1088872
9778;180705;1021530
1593;1461359;1566798
17977;1755438;499779
9787;222704;1025578
26173;1449205;1240261
34368;1823703;151679
1600;1794651;524374
17986;1727158;481239
9796;107264;1014310
1609;2022522;1027382
17995;1711293;472000
34380;1828956;146599
9805;133063;1016785
50767;1204485;1153614
1616;1715000;595654
18004;1842584;557959
9814;1632183;568490
1623;684218;559664
50779;1194849;1105631
18013;1831677;550656
26207;1885268;384626
34399;1881294;956130
9823;1618709;586345
1637;989210;1344915
18022;1810364;536219
9832;31467;545088
26219;1879246;390767
34411;1887710;963637
50798;1902595;1412388
1646;1564243;320724
18031;1789197;521926
9841;1645169;551699
1655;647084;398429
18040;1862273;571088
34426;1572504;592979
9850;353571;432762
1664;2005628;1085331
18049;75241;1271092
9859;1238009;1205544
50821;1863023;218253
34438;1564837;589260
1671;129643;901052
18058;2037219;997398
9868;419357;1042923
1678;833141;909358
26254;750190;810726
18067;77900;1179671
34453;1459974;470967
1685;2042656;824612
9877;363701;398491
18076;203208;1248390
26269;888114;1350801
9886;332511;1035908
34465;1453159;452932
50850;920828;1027528
9895;372576;1039115
26281;880227;1344333
1709;619108;1059962
18094;743110;497230
50862;921781;1043834
9904;249327;1028358
42672;281139;976532
18103;750829;500395
9913;289452;1032084
1723;118331;697805
18112;704935;494283
1730;719893;54506
9922;729064;207069
34498;1898650;958711
42695;810890;1436298
1737;2009997;966957
18121;727037;495605
9931;748816;208808
1744;1789639;317793
18130;638798;491223
42707;809535;1402252
50899;796870;745764
9940;763308;210093
1751;1594816;575603
26329;923992;551549
18139;665184;491729
9949;778564;211407
50910;1484861;493129
1758;1640247;675111
18148;990726;48445
26341;924922;527738
9958;800016;213411
1767;207678;1200799
50922;1493745;481823
18157;630255;492838
1774;419626;577828
42734;1291990;545274
9967;828019;215958
34543;1794889;258994
18166;980881;147952
9976;1180235;1201207
42745;2150603;507970
1790;412051;497025
18175;985915;96386
9985;1220561;1204192
1797;263930;1031446
42757;2143580;515562
18184;974176;206391
50953;568648;386361
9994;2065683;969100
1808;416861;1345262
26384;582741;402206
34576;116729;926887
18193;977583;176969
10003;1332305;71794
18202;1723214;1572078
34587;358281;1295587
10012;1347662;104554
1826;218216;266697
18211;1724184;1576204
10021;1362523;135334
1833;972195;818552
42794;206460;675846
18220;1499737;724651
10030;1383377;177048
1840;1979363;671751
26419;66591;1450209
18229;1714550;1562907
1847;1723165;1568604
42813;668115;555419
1854;1878594;582250
10048;649829;199916
1861;1092685;429204
18247;1518532;734423
10057;682167;202794
42825;678199;559262
1868;1054171;131017
18256;1536727;744423
51024;418985;866583
10066;1678693;631975
34649;2067128;534412
18265;1559532;757326
10075;1548401;967727
1884;943621;224294
18274;2059626;1126965
10084;1532975;961901
1893;569300;789596
34661;2067648;549105
26473;1801857;151225
18283;2062372;1128915
42860;503590;1230698
10093;1513701;953868
51055;1120520;241407
18292;2065985;1126083
1909;1812627;375278
26485;1815960;132170
10102;2095064;932770
1916;738075;1244485
18301;2066950;1119211
10111;2111275;922891
1925;426413;1217859
18310;2064677;1111829
10120;1697937;610524
34698;383866;642918
1932;1388113;1319488
18319;2041837;1091109
51088;755204;934442
10129;1690562;618909
1941;2040896;1001552
18328;2017051;1071824
10138;1896104;1048160
42907;286962;760327
1948;579422;1021400
51100;755047;957725
18337;2010202;1070773
10147;1892663;1058569
1957;561020;884654
26534;942264;974576
18346;2005762;1075282
42924;334244;301283
10156;1894772;1073884
1966;450000;678836
18355;2004949;1081280
1973;1527878;1601184
10165;1898676;1090950
42936;334370;283360
18364;2031453;1106012
10174;1495568;946084
51135;1273672;158762
26560;1650009;237444
1984;1069748;1088914
18373;2055725;1129784
10183;1481204;940185
1993;1990102;982300
42955;779152;581060
34764;673283;1356462
26573;1654645;255125
2000;1344820;156818
34775;1512471;926923
18391;1379653;1225590
42967;772772;600126
2009;1509307;675121
10201;1903175;1036255
51166;618535;882121
18400;1368089;1245729
10210;702566;334758
34787;1505387;943730
2025;1219926;743908
18409;2054932;1133842
10219;708925;252402
26608;1558070;315441
2034;473458;680722
18418;1689262;137787
10228;694069;448733
43002;904387;823094
18427;1706782;112557
2045;91255;1093196
10237;699239;379481
2052;747564;899508
18436;1722255;90409
10246;1918094;1108206
26631;1070618;755070
2059;2071135;317315
18445;1737887;68207
34830;91903;1523757
10255;1902096;1097846
2068;797763;806937
26644;1066534;733041
18454;1603156;263565
10264;716350;156541
51225;1056269;897977
43033;313834;469311
2075;459006;582376
34845;417270;451262
18463;1618465;241567
10273;720499;80419
2082;1016706;231366
43044;1782074;542803
18472;1642295;206621
34857;432337;465030
10282;669200;772878
43056;1781865;521698
18481;1670161;165777
10291;672860;727749
2100;2044792;363611
51253;780831;1353922
26677;394831;601552
18490;920614;716393
43067;1841699;173613
34876;1077706;478370
10300;121349;928603
2109;1888509;965681
26688;1725526;247227
51265;783993;1365905
18499;1528720;375044
10309;114845;953560
2118;1916407;1032797
43079;1847464;165411
34888;1092080;436159
51276;1098122;164493
18508;1553151;339060
26700;1728021;238061
2125;357949;1213404
10318;687962;534613
34899;236521;1457161
18517;1579855;298878
10327;690430;500479
51288;1097021;145214
2141;1099441;532924
43102;674834;1564620
18526;871181;712485
26719;946819;204744
34911;208051;1426797
10336;678998;648082
18535;856464;711432
10345;684492;577158
43114;695657;1560232
26731;944348;217486
34926;1760167;304765
18544;900347;714778
10354;1778259;690165
2163;1933520;1117516
43127;1932666;60053
18553;885738;713772
34938;1781978;287419
10363;62822;1408245
2174;1729613;1361330
18562;813612;708049
51333;1326212;675029
2183;1121787;624321
34955;1008513;845316
18571;1852545;761234
10381;1765615;675795
51344;747725;1186898
2192;2064717;204843
18580;841564;710187
26772;509957;1145869
10390;53657;1516333
34967;999037;829353
43160;303849;1226468
2201;812487;1373107
51356;746041;1174822
18589;827098;709109
10399;1370769;252941
34980;190810;775729
43172;302751;1214166
18598;2057942;956504
10408;57583;1469911
2217;790706;406336
43183;1850303;183495
18607;1986854;1087287
34992;180815;770707
10417;55469;1493936
2228;914660;221999
18616;1842931;748975
10426;1767236;1299875
2235;1284598;558735
43195;1857103;176137
18625;1824111;723549
10435;1764625;1267160
26822;1362099;107204
43208;2039005;621330
18634;2059178;1145947
10444;1290673;248623
2255;652806;1060986
18643;205907;516982
43220;2062628;643739
10453;1270346;247230
35029;84002;1091749
2262;771494;112103
18652;2012383;1107943
10462;464578;1046532
51428;608628;766634
18661;2039551;1129990
26853;815409;207541
10471;500447;1049299
2280;275988;1329155
35050;199506;753098
18670;1786662;357954
2287;1396999;576032
26864;925862;252596
10480;1758614;1238686
51440;608257;783827
43251;471525;645022
2294;1423365;765500
35062;203010;736636
18679;1787782;332264
10489;1750665;1225762
26876;929218;228056
2301;432249;873298
43264;1261494;1055518
10498;634038;1059614
2310;1253574;357149
18697;381633;1379338
10507;596848;1056856
43276;1261668;1043573
2317;1540425;356118
18706;1780795;246302
51475;1105698;44526
2324;1837175;553142
10516;567126;1054447
43289;1697090;228045
18715;1769641;229362
2333;921315;1052152
10525;537502;1052208
2340;15789;1069801
18724;1788407;302423
43301;1696916;237919
10534;839247;1079431
26921;148127;1201717
51498;1631945;1343107
2349;1011083;128478
18733;1788800;273788
10543;797847;1075136
43312;914733;682434
35123;1022190;742878
26932;610283;1305083
2356;363434;806709
18742;211999;1302100
51510;1631091;1291877
10552;746985;1070061
43324;909236;707124
2365;1563829;456847
18751;250055;1318838
35135;1019008;730612
26944;618143;1304760
10561;688855;1064405
2372;60373;679368
18760;104288;1271370
35146;2113076;138824
10570;1005906;1083198
2379;1089569;932376
43343;836296;84899
18769;163588;1285877
51537;784210;85834
2386;1899397;960985
10579;932952;1082599
18778;307827;1344615
43355;825186;106957
10588;912083;1086767
2399;1519936;1461544
26975;1054798;124141
18787;334911;1357288
10597;881372;1083790
2406;189318;264426
26986;1737434;95795
18796;282348;1333084
2413;667277;833670
10606;1227866;1101624
2420;911969;915692
18805;294468;1338477
26998;1735132;82998
10615;1174938;1097883
2429;774264;803371
18814;1812521;1267105
51583;1080058;1259725
10624;1132803;1094494
27009;2022403;508850
2438;992048;721126
18823;1755592;1332569
10633;1092176;1090904
43403;1671619;53900
51595;1080475;1288137
2445;631040;794850
27021;2015401;520905
18832;1867188;1169961
10642;1273363;1104950
2454;290018;750781
43415;1663220;35337
27032;1939635;648674
51608;1847752;723140
18841;1834686;1167419
10651;1172993;434273
2461;1145752;1243503
35230;212656;1458347
18850;1273930;819690
10660;1189504;433271
27044;1928580;663663
51620;1844012;735492
35242;207435;1468535
18859;1971470;1068727
10669;1215080;429461
51631;1993626;496765
27059;1229095;494503
18868;1915726;1143130
10678;1269832;429574
2488;1752546;1074386
43450;1114746;1193817
51643;1989567;506961
35261;502027;603172
18877;1877833;1192183
10687;1339266;433509
2497;895734;1158747
51654;823216;741656
2504;1698850;1045258
10696;1384285;454615
35273;509943;592509
27082;274886;1051434
2511;1322403;673473
10705;1633324;527647
51666;820288;717628
27095;264658;1038602
18904;1265025;858722
10714;1676536;575607
2527;504049;1225066
43488;1923715;344392
18913;1206155;635606
10723;1717791;621610
2536;804856;707411
18922;1807047;1159832
10732;1741343;648081
35308;859419;1090093
2545;1898887;1041564
18931;1784802;1155575
10741;1755713;664208
27126;1036516;518084
2554;224945;1306647
35323;1623399;258608
10750;1777690;1121418
2561;1157502;1083335
10759;1754633;1155202
35335;1613520;255611
18958;381110;457783
51730;60717;832562
2580;712342;205535
51732;995722;1072386
51733;1057093;942434
18967;412637;465770
2587;949166;572998
51743;993704;1056753
18976;439283;471684
51744;993071;1026332
51745;989003;978616
51746;994646;942230
43555;972976;810642
51747;951587;917574
2596;613625;1517430
51748;999924;928220
51749;1037307;934124
51750;1040157;922601
27175;530058;736337
35368;1028071;814972
18985;462307;475427
2603;2028063;1121918
18994;478685;480016
27187;537837;693400
2612;510732;1349598
2619;1070041;1079031
19003;1188711;787183
35389;2086191;1455825
51775;952483;979111
27202;442372;598224
19012;1197396;706548
43588;619410;1518173
2635;922414;913408
51788;1058146;950590
19021;1202748;662364
27214;447319;587304
2646;345267;1038630
19030;1967542;950110
43613;1154146;914886
2653;1935470;1041431
19039;1930653;895553
2662;1091255;1420864
19048;280347;438121
43625;1169829;926263
10858;2006011;932005
2669;1079409;1077051
35438;152037;1027944
19057;305319;445194
10867;2049963;931477
51827;1263109;1031553
51828;1266814;1001824
51829;1267267;963565
51830;1266857;933658
51831;1283715;897400
2680;1543078;1473468
51832;1292311;867901
19066;336191;453953
51834;1336599;883517
51835;1363226;894245
10876;748126;960712
27261;1610111;386070
51837;1376910;898953
51838;1372865;911374
51839;1360284;937342
51840;1348238;956270
2689;1512434;495696
19075;352946;457023
10885;767783;962053
51847;1286686;1080258
51848;1318504;1095524
51849;1321528;1014178
2698;872301;1381158
19084;358978;457348
10894;692671;956924
51856;903297;955900
51857;717044;751541
2705;22700;476100
19093;364536;455396
10903;720410;958809
2712;248174;1204635
35486;1430436;403613
19102;1087783;939333
2719;1231404;751069
10912;75945;548675
43685;1042130;635249
2726;478218;1223001
19111;1090402;917739
10921;673828;955611
35498;1418905;388203
27308;704678;1506471
2735;1953797;264312
19120;99246;690540
10930;203846;264515
2742;1395849;197660
27319;1087918;1319973
35513;455261;1181890
19129;70638;682418
10939;174910;262614
2749;41581;747616
43712;579537;173291
19138;2058479;1076107
27331;1091124;1306131
10948;1178800;885461
2762;1486045;295839
19147;150350;705288
10957;1173363;938458
2769;846440;1374463
19156;2000270;998096
35541;273947;1429903
2778;1250495;584243
43741;56509;748205
19165;2017517;1021962
51934;619543;182987
51936;618636;160344
2785;720885;1068873
35553;264893;1412026
51937;633320;148321
51938;643007;129486
51939;650797;118700
19174;1147058;1350327
2792;1949846;1021940
10984;280804;270618
43754;46075;748904
19183;1160269;1336901
2801;98581;635947
10993;232710;266793
27382;172330;497343
2808;736883;1604320
19192;1217394;1302321
43773;1509739;318744
2815;1192694;45525
19201;1133060;1369730
27395;1643058;846391
35588;573292;302469
43785;1495728;296761
2826;828032;1043455
19210;1183978;1330941
51982;854505;82251
27407;1646528;830967
51983;861039;47946
2833;418725;872011
19219;1200225;1322004
2840;182171;855833
19228;1096691;868789
19237;1173695;1331396
35621;423666;785396
43816;973679;165891
19246;638411;1183926
27438;672850;394038
52016;1327868;43425
2865;745799;110212
43831;1658767;892676
19255;646615;1111568
35640;1906409;364959
19264;652930;1051348
2881;758473;705450
52034;1583380;145094
43843;1658575;874477
52039;1856250;211142
2888;1093325;903294
19273;653150;1039320
43854;1555481;945249
2895;699560;1362765
52049;1792933;253629
19282;635601;1219239
27481;1913354;999661
43866;1543807;959597
19291;655958;990501
2913;772173;505536
19300;660073;926561
27493;1917287;1021547
35687;1092910;622389
2920;2021241;934722
19309;664167;862415
27502;2088893;1377391
2927;604999;693185
19318;666439;816392
2938;895515;118687
19327;79812;1224728
43903;829217;1035600
27525;1726736;204586
52102;1820036;378134
52103;1831683;380116
19336;2047218;1588105
2954;997151;1536682
2961;978380;717346
27537;1728922;176608
43922;1673153;124252
35732;1894368;1085967
2968;509347;1149342
27548;891572;680961
43934;1676625;142851
2975;1772856;512025
19363;589811;493251
2982;1178555;1330049
27560;892783;705899
19372;613659;494449
52145;1919280;238501
52146;1909994;248505
35763;630089;800123
52147;1898865;251311
52148;1891396;249726
19381;1260554;275650
2998;861133;1479524
52150;1886202;238927
52151;1875451;233782
43963;1314202;530213
19390;1256115;326952
3007;1708690;1558052
19399;1925407;639110
3023;1888999;404418
19408;504479;487273
52177;444698;1344087
43986;666663;1198860
11218;1032878;130458
3030;679481;302584
35800;1012603;1593996
19417;539390;489701
27609;1230735;753270
11227;997847;127400
43998;642901;1205385
3041;1754500;1357186
52193;515514;1375785
19426;568110;491618
52194;528571;1371317
35811;2093018;164097
52195;419786;1402231
11236;1126477;139213
52200;446710;1374550
44009;1496361;919453
52201;483722;1370244
3050;1615712;1511772
52202;510965;1362843
19435;136843;504978
52203;527607;1362388
52204;543339;1360392
11245;1075426;134391
19444;1497160;668776
52212;567613;1355564
44021;1489757;936894
11254;1179239;144328
3066;876784;1329553
19453;1979941;642307
11263;1165077;142824
44034;1826822;687418
27650;1593997;1494870
3075;1201409;187093
19462;1949688;628561
11272;1239750;148230
35851;572459;1188507
3084;784261;110370
27661;1695169;37879
44046;1817216;666949
11281;1194123;145240
3091;448064;474448
52243;1178609;585486
35863;561552;1160420
19480;1661812;857456
27673;1695574;18614
3098;2121527;878513
11290;1330706;154462
3105;855153;1274323
19489;1717538;787210
11299;1295489;152056
44069;1152146;1009919
27688;1073544;1378872
19498;1685106;828312
3116;448074;285275
11308;2051121;865594
52268;1320566;340342
44081;1159282;1027188
3123;1924553;534353
19507;1624982;905812
27700;1078966;1365038
11317;1356332;156364
44092;2086220;49507
3132;1112136;1094055
19516;1609821;925494
11326;1704058;471055
35906;989330;1530322
3141;1859977;173636
19525;1645939;878187
11335;2046704;839258
44104;2078254;64004
19534;1633379;894742
11344;1688731;479740
35921;1002461;1390452
44115;840160;639304
3155;172202;851699
19543;1573217;963292
11353;1696763;472980
27737;1429239;743079
3162;801745;1041001
35933;1000418;1404403
44127;840367;620390
19552;1562492;967405
11362;1669023;504079
3171;765382;1260454
19561;1594050;946337
35946;725481;1406295
11371;1748353;1353491
3182;419565;1496507
19570;1582730;956368
11380;852049;1597223
3189;1738640;488003
35958;737651;1414267
19579;1977715;1533377
27772;2025847;1124914
11389;853293;1569198
3198;825020;453536
44158;460901;491832
11398;858661;1512921
3207;1338522;1351307
44169;790387;229713
52362;1781897;1323804
52363;1813056;1285740
52364;1821412;1291911
19597;1835922;1421162
52365;1827408;1268023
3214;1944284;254836
52366;1841341;1251031
27791;1358727;1299932
11407;865840;1446522
52367;1871102;1214670
52368;1849373;1258434
44181;784998;218170
19606;1939842;1503360
11416;397553;772786
3227;1052562;826085
27803;1381778;1315012
35996;780662;712984
19615;313492;1208876
11425;444840;777686
44196;513981;511363
36007;1972974;621068
3240;1462726;1519917
19624;288998;1206930
11434;519413;783667
27822;1169311;593251
52398;1999942;1550905
52399;2021779;1568151
44208;517828;495094
52400;2005178;1520745
19633;346711;1211651
52401;1984434;1507192
52402;2017741;1477988
11443;588650;789578
36019;1966163;632335
52403;2039447;1469196
52404;2057873;1488830
52405;2084996;1498989
52406;2102531;1487204
52407;2120489;1464283
3256;485459;1049519
52408;2089245;1556179
44217;1996811;1411827
52409;2123502;1450522
19642;328884;1210203
52410;2111778;1436955
52411;2087493;1413832
52412;2084843;1388406
52413;2133108;1358897
52414;2167322;1342267
3263;319956;1001940
52415;2128760;1315260
36032;233871;1408457
52416;2106317;1336211
52417;2078371;1317102
19651;411517;1216645
11461;619566;792166
3270;221134;1202477
52422;1955749;1488045
52423;1966428;1437671
52424;1985665;1388338
52425;2032103;1354644
52426;1908010;1330275
27851;1511969;453658
19660;378493;1213998
36044;239772;1399246
11470;637315;793794
3279;645804;505493
52432;2070606;1538213
3286;1743817;1520017
11479;653276;795140
27863;1516970;431456
44250;680882;154423
52443;1947262;1415277
3293;1276905;246711
19678;440222;1218972
36063;2001897;1448991
11488;1160671;1054427
52453;1488993;1528563
27878;1002935;1328623
44262;655013;145616
52454;1164483;1456906
19687;491209;1222984
3304;697545;402582
11497;1167547;992414
3311;685706;957449
19696;465591;1220952
52464;1226454;1427862
11506;510078;338052
27890;1000571;1341740
52468;1095884;1562787
19705;535383;1226903
11515;496817;367023
52476;2004412;1399580
44285;766994;433108
3329;1945316;1123561
52482;1626729;372198
19714;511419;1224641
11524;494707;379798
27909;2052032;1381755
44297;766040;414120
3338;1512832;397647
36106;2095106;488974
19723;593231;1231280
11533;1348605;1359013
52496;1511155;282188
52497;1519159;259696
3347;481732;582850
19732;566726;1229487
11542;1315161;1339449
19741;1753533;741012
27934;2146761;562217
11551;1281948;1320354
3361;399713;1043036
44324;134746;1189561
19750;617994;1233138
3368;1304599;248452
11560;1259015;1307590
52521;134267;677011
52522;167125;650077
27946;2150275;534144
52525;184489;529645
52526;131350;521356
19759;92022;1187632
36143;472663;619940
3377;1895993;1085275
11569;493127;409490
3384;1151611;566678
19768;114959;1192822
36158;511810;110257
52542;133511;510897
3391;987472;624933
19777;141392;1195121
3400;624453;495421
27977;529289;318930
19786;171066;1197463
52558;137809;603500
3407;1150107;42108
19795;199256;1199639
36181;797172;1540528
11605;587504;197539
27992;725491;1304007
52568;122230;449377
3416;517825;489910
52569;168213;485474
52570;221245;467542
19804;215233;1200911
44381;123150;1389668
11614;582340;206872
3423;1506372;411996
36193;799047;1582742
28004;745639;1310505
52581;77932;472610
19813;234737;1202503
52582;58901;521709
3430;1262939;247819
11623;574429;221101
19822;261720;1204693
11632;553185;258338
3441;486214;485841
52598;90372;478448
11641;527078;305651
3452;2066335;553964
44415;1052967;817320
19840;692999;105439
11650;1249443;1217619
52614;27773;423854
19849;976201;1574042
44426;610213;1258691
3466;79941;683264
11659;1255783;1188023
52620;275171;556044
36236;301031;718910
52621;236962;612754
52623;290805;701979
3473;902964;1087427
19858;373131;1179986
11668;1229338;1277849
52630;395623;744082
44438;605123;1241878
3480;1764849;223472
19867;367660;1162453
36253;626126;1094732
11677;1240592;1247613
52638;445616;694805
44449;589801;573238
3491;515230;1051845
19876;18356;1025768
52645;567903;619779
11686;664357;105643
36265;619127;1069627
52651;527796;627319
19885;16170;1057083
44461;597277;584841
3502;836725;317785
11695;36448;1541672
28082;367477;807739
3509;2136393;210259
19894;1188399;94720
52664;644643;645866
52665;632769;675688
52666;661975;647127
52667;637320;612630
3518;1788837;346672
19903;358471;1151009
52672;232961;967945
11713;656610;111316
52674;351584;978360
52675;285510;913514
52676;347840;886064
3525;1796203;1471785
19912;356054;1179392
11722;1406195;1291274
44492;671301;1246534
3534;669055;753734
52686;326939;873442
19921;363142;1196395
11731;1432448;1249079
36309;468660;1302310
52693;171195;892711
3541;1014864;624955
52696;142205;936705
52697;232820;876109
19930;1729113;1568624
11740;763573;506326
3552;343951;469954
19939;1738512;1575141
11749;1375598;1341693
3559;1731187;79540
28135;1823268;1041683
44519;917704;398656
19948;1689675;112837
11758;790855;508924
52720;371788;1122233
52721;418721;1094303
52722;376460;1060356
3570;672390;399463
52723;328926;1086898
19957;1665182;74832
11767;778326;507606
52729;374895;631784
3577;1353170;889005
44538;1046787;753156
19966;1718974;155558
11776;1260674;1139370
52738;386472;512108
3586;1481024;304321
36356;2011842;1214961
28166;1354964;879422
44550;1045656;732147
19975;1702974;132398
11785;808239;510726
3595;811267;311090
19984;1757337;209118
36369;1970814;652181
52755;531091;342551
52756;542039;372103
3604;711471;1508798
19993;1740653;185389
3611;736618;511629
52765;568843;365262
52766;591652;375573
36382;1984002;658567
52767;598544;357448
52768;586323;341878
20002;2057084;339936
28195;561855;877538
3620;424444;776229
20011;2073418;311529
3629;826919;1272605
3636;495410;387818
20020;2016863;412511
44599;1299284;1459977
36411;1973902;872212
3643;741477;207150
20029;2040611;368910
44611;1303067;1523079
3652;803510;408537
20038;498791;1602612
28230;399080;1049695
36423;1975612;899557
3661;431902;1143729
52814;805694;345302
20047;479031;1628220
52821;632360;341920
3670;1120967;236804
20056;2073969;1585096
28249;644425;774358
52825;770781;258500
52826;749510;226563
11866;2102660;502222
3679;631822;300154
20065;2094177;1561866
11875;2073827;488007
28261;643578;786681
3686;538896;589096
11884;2133499;518580
3693;1229713;428558
28272;1225600;687398
44657;519928;282814
20083;555437;1353186
3700;704432;1535418
11893;2120579;511545
20092;541937;1352211
28284;1209352;682117
3709;1252687;373855
11902;2002778;456244
36480;115639;705550
52866;1312075;322695
52867;1331050;324921
20101;530079;1350928
3718;1035927;424975
52875;1259676;405760
44684;1782368;609840
52876;1380477;423582
52877;1408797;446868
11920;2044962;474789
36499;204688;1044583
3736;444932;1011483
44696;1776927;651944
28313;971133;573383
11929;2019731;463573
52895;1354338;488179
3743;548459;1152593
36511;211139;1033685
52896;1394017;457529
20128;427088;1382443
11938;1609243;589489
3750;1319723;362206
36522;523253;571061
11947;1640850;617358
52911;1525379;531703
3759;1204192;622424
52912;1459673;555230
28337;1009709;875894
52913;1466157;598635
52914;1492527;613483
20146;454684;1406673
11956;1681425;651929
36534;524719;579588
3768;1601276;721646
52923;1409968;613786
52924;1361028;634863
11965;1728253;691321
20164;488790;1387714
11974;2146239;526020
36553;1344046;1324811
28362;1012250;252865
52940;1328755;708192
3788;827516;410114
52941;1375389;719429
52942;1377868;751718
52943;1421986;732114
11983;2166292;537483
3795;316152;462707
52949;1014403;670088
36565;1341712;1343699
28374;1016458;233795
11992;1585224;568402
44761;705602;1304695
3802;412780;1505037
52960;431093;469086
28385;1973098;189409
3809;590230;691974
12001;1599856;581395
44773;700155;1343471
20200;548139;1364966
12010;477527;627074
28397;1931361;174560
3823;229985;572449
52976;2095752;198654
12019;479731;603209
3830;1741589;757896
36598;1419900;764259
28408;552995;1252445
44792;1562752;477391
20218;1116432;1421885
12028;485290;534445
3837;673158;1360967
52995;452376;1214997
3844;335348;1211990
28420;551304;1237388
44804;1556976;467315
12037;490519;455835
20236;1252982;366024
53005;376726;538453
53006;391172;536319
12046;463001;828361
53007;387364;548711
3855;653836;1028948
53008;649346;545889
53009;625624;592671
28435;1794089;1519742
20245;1912020;868013
3862;1054860;339635
12055;470206;729981
36633;902890;142031
20254;1313186;1107572
3871;1036007;525593
28447;1779718;1500696
12064;475293;660655
53027;288079;1316308
53028;274825;1296901
53029;318434;1308518
20263;1885937;805533
12073;476926;639396
28460;1913127;126936
3884;434528;1415252
36654;1947280;90894
20272;1535352;413179
12082;713118;1365434
53043;354981;1318334
3895;792147;861916
20281;1343935;618364
36666;1961379;94647
12091;738724;1367233
44860;901062;979680
53053;501315;1153842
3902;524651;584618
20290;1353032;609527
12100;651664;1361463
3911;490995;429821
20299;1328529;651753
12109;686419;1363514
53069;897894;275379
3918;20433;390677
20308;1338197;626258
12118;808566;658943
3927;1167480;1331367
28503;2035379;822641
36697;771033;118438
20317;1488633;512583
53086;850459;47034
44895;330329;1282867
12127;817060;560982
20326;1534398;479214
3943;1465607;1495173
53095;1251821;480350
36712;1987403;426078
12136;800185;774463
44907;334969;1216922
28524;1885874;227802
3950;332353;511354
20335;1377699;591426
53104;1284875;471223
12145;803410;729064
36724;1983886;440130
3957;1061458;1456882
20344;1432237;552382
28536;1885272;204941
12154;659625;400353
3966;1786742;703117
53120;1284580;445790
20353;653835;216750
12163;635639;398566
3975;173382;768642
20362;656214;235713
12172;712866;403464
36749;1624043;108254
3982;733177;898479
44942;247441;1209918
53134;954498;573298
20371;1558629;461004
3989;1063503;1142684
12181;682728;401589
53143;98095;898669
36761;1613266;71894
3996;438092;676203
12190;546288;391531
44961;298523;1279558
36772;850193;585759
4005;1316437;154871
20389;654966;258013
53159;62027;843967
12199;510508;388887
53161;84613;888307
53162;74270;922280
20398;659486;245101
12208;603721;395767
36784;843144;603932
4018;539511;1512091
53172;44238;946059
53173;69138;958454
53174;96698;951924
20407;657002;252492
12217;575533;393727
28604;560569;498194
20416;678269;1164570
4033;635313;1238746
12226;1689793;1147324
4040;1194773;1100679
20425;729448;1169242
12235;1701313;1105332
4047;333983;276485
45008;164199;393867
20434;757054;1171785
12244;1701768;1063718
4054;1897798;1183684
20443;568613;1155266
28635;448693;572684
12253;443157;1028108
53213;2042014;844485
4065;1831372;143729
45027;1373619;813615
20452;588422;1156920
12262;1616191;1230755
4074;517332;880882
53227;1418068;856917
53228;1455291;873751
20461;608399;1158605
12271;1638511;1212875
4081;505689;1015234
53234;1855635;947169
53235;1817348;940726
53236;1839276;895330
53237;1886692;883699
53238;1870299;915372
20470;625920;1159972
53239;1849653;913158
12280;1664753;1184782
45054;1225782;582446
20479;467943;1146801
12289;1680027;1164460
53249;1893987;865094
36866;1867603;944473
28677;758220;711233
20488;505456;1149923
53257;1808642;970194
4105;1121037;431317
53258;1815337;1001943
12298;786823;928382
45066;1224965;596091
36875;2114129;1455106
20497;528806;1152005
28690;1648727;586157
4114;913835;1385914
12307;783863;955264
4121;1853511;618272
20506;554596;1154194
12316;779442;1000266
28702;1643851;559108
53279;1820419;968108
36898;285920;618994
4130;1027505;822867
53283;231091;365529
20515;1315177;692482
53284;211931;349459
53285;260420;339576
12325;775557;1056374
53288;388475;1533057
4137;358633;1162098
45097;345469;1045309
53291;397758;1504473
53292;378112;1510257
20524;1297305;748121
12334;1189064;595501
36910;309526;584808
4144;1012691;527012
20533;334827;1136644
53303;344533;1589912
12343;1165960;554882
4153;1479241;1175318
28729;221043;1207819
53309;180733;1514454
53310;146005;1501254
20542;394986;1141012
36927;402616;1239134
12352;795299;836709
4162;823230;467865
28742;1923843;373017
53319;123761;1464130
20551;845858;314346
53320;143950;1484615
12361;791546;880994
4171;2015444;1218458
36939;398401;1221592
20560;855583;316644
12370;494660;86725
28754;1909217;405103
4180;732336;1449839
36950;1697453;168634
45142;1253685;596317
53334;102965;1498240
53336;73415;1492563
53337;87136;1504818
20569;876524;323956
12379;493370;93926
4189;1322040;52404
20578;973354;335590
36962;1703149;140041
45154;1252962;588209
53347;102066;1475558
4196;722541;802460
12388;434052;85472
53349;79689;1455857
53350;105703;1443985
20587;1111666;345660
53356;402094;1307180
45165;1167207;309882
53357;364814;1325152
4205;502716;882963
12397;1051543;1471232
53363;217116;1259638
53364;240903;1299321
20596;1209903;353322
12406;1033259;1493688
4216;491142;100861
45177;1169824;336296
53371;186431;1245665
20605;1280579;359195
4223;1457107;1598170
12415;1016834;1513091
53377;109903;1212534
53378;149954;1221938
45188;254995;689956
53380;132967;1180818
53381;104470;1149431
36997;771172;203710
20614;1373536;366254
4232;98695;1014338
12424;1003651;1529567
53391;214248;1137398
20623;1430091;371152
28816;1356315;1373880
53393;175734;1132376
12433;984998;1553896
53394;196842;1120739
4243;1650058;1013052
53396;132716;1097353
53397;154585;1062789
53399;112726;1052331
53400;131194;1038310
20632;1460767;376779
12442;1459978;1206095
45211;1447439;897082
37020;1121141;912216
28831;898890;261679
4257;1596351;275559
20641;1493409;388532
12451;764347;1267819
45223;1438298;915382
4264;62285;827276
37032;1100978;903974
20650;1074752;945750
12460;761350;1290964
53423;580707;806670
4271;717110;1497002
53425;640667;867887
53426;628764;825485
45236;1882956;103385
53429;581949;821892
12469;756298;1338390
4278;1614116;592541
12478;1351548;1110581
4287;2031283;989715
45248;1850503;125875
53444;568333;851265
53446;604052;858174
12487;498844;49482
45259;1531775;1527775
20686;240004;858682
37070;978162;710109
28880;604304;501475
4308;1067484;723188
20695;216725;856743
37081;1608916;889877
12505;495579;72723
28891;1865839;643355
4315;756825;801980
53472;404990;656163
20704;325020;865302
53473;435915;660138
53474;424110;643192
12514;937518;416681
53475;419002;630591
53476;415093;608382
53477;446994;642449
37093;1617992;905319
53478;444866;632492
53479;463338;659369
28903;1863122;629727
53480;460925;642497
53481;463117;631791
20713;272662;861184
12523;974636;419037
4333;636710;1204981
20722;425359;874473
37108;1742478;676958
12532;814647;409242
4342;772626;606947
45306;752763;399553
20731;385759;870611
53501;525807;605652
12541;873178;412849
53502;540870;605639
37120;1748124;661706
20740;438989;1067825
12550;778049;406907
4360;1285184;784441
28938;623444;405291
45323;462653;598766
20749;444329;876163
12559;796762;408170
53520;527638;666858
4369;561666;1531747
53522;528318;639863
53523;525427;651779
20758;430999;1156048
45335;458862;588379
12568;738471;404767
4378;1967295;498882
53534;499189;664663
20767;434633;1114218
53536;501100;637795
53537;492555;648535
12577;758632;405889
53539;570496;670452
4387;1742570;1373484
37155;125123;899136
53540;548865;654751
20776;422439;1260956
12586;931218;1590696
53549;468993;553046
4398;1432412;744913
53553;436044;548183
20785;428347;1191587
28977;987172;630714
53554;449547;564490
12595;964971;1576171
4407;317380;1034684
20794;417347;1329433
53563;450583;509840
53564;471981;512613
12604;1141256;431466
4414;429089;1166736
20803;418008;1308622
4421;243541;1391953
12613;878685;1604184
53575;597049;442798
29002;1151234;944495
53578;524518;468035
53580;528822;407872
20812;411680;1372940
53581;508922;435766
4430;880699;117614
12622;1071547;426293
37198;720151;1075610
53584;573011;472281
53587;577462;411828
4437;1362903;1100593
20821;412966;1351040
29014;1167223;953364
12631;1106970;428868
45402;1361793;611011
53597;607640;472388
4446;705473;302905
20830;337385;491653
12640;1010996;421748
53602;612939;417367
29027;517046;995754
53603;653004;448598
20839;345488;463061
12649;1043170;424178
53610;659242;515885
29039;508317;1007853
20848;320954;541966
4466;185989;715810
12658;1987390;449439
20857;327075;524977
37241;1516098;240717
12667;1744891;229074
45437;1948987;1127433
53631;591988;537430
53633;593840;510939
29058;738412;141995
53634;604805;522672
20866;312432;549131
12676;1914150;414829
53637;622919;539899
53639;625160;513292
53640;630618;529160
53642;576304;509764
4491;724452;404035
20875;317637;547181
53645;579272;525078
12685;1952040;432366
53646;574135;535712
29070;745114;116632
45456;1307213;1302945
4500;753823;505052
20884;2102098;813328
12694;1897962;407124
53656;551217;533980
53658;553121;507867
53659;549680;522649
45468;1286861;1292182
20893;277483;538232
53662;783438;463552
4511;896759;221955
29089;919486;139633
37282;574842;499438
53668;770552;482308
53669;757040;464225
20902;177100;853854
53672;871105;456270
12712;1859111;389919
53674;894870;436310
4524;1422970;237682
53677;892979;464678
29101;923624;128465
53678;890861;492790
20911;191069;854677
12721;1882981;400014
4531;669459;103235
37301;1071010;207035
20920;160854;851864
4544;1156425;838124
20929;1007287;1604791
37313;1061739;229089
12739;1838886;382487
45507;411853;683078
53702;1001182;501582
4551;299004;861555
53704;977413;470643
53705;1005817;440776
20938;1002229;1594442
53707;1126802;448903
53710;1145098;478136
4558;1431792;255720
53711;1122539;509601
29136;237019;574514
20947;2082359;92463
45524;1026175;1236492
12757;1800244;374847
53718;1142046;414443
53719;1057664;390076
53721;1300350;512656
4569;720637;107065
53722;1311909;520316
29147;1819545;568983
20956;2083276;816840
37342;519796;936397
12766;1719748;378423
53728;1281554;522865
4576;1475493;378618
45536;1042230;1248172
53729;1295112;532175
53732;1239743;270975
53733;1221504;307663
20965;2056341;821822
53735;1107045;298841
29159;1824730;550908
53736;1125089;262237
4585;1446919;719362
37354;502515;889467
45547;1699493;636688
20974;2015489;24913
53743;873990;286805
12784;94819;1055335
53745;856936;291662
53746;870368;295896
4594;1524793;424204
53748;822446;265694
37365;1507275;764433
53749;792695;292417
20983;2035016;38210
45559;1697692;616935
12793;1655038;384984
53755;745906;289177
4603;1270320;1313133
53756;725864;257736
53759;668571;262297
20992;2049671;47743
37377;1509527;737935
45570;363129;1228889
53762;659994;280681
4610;817864;1078589
12802;1124369;577515
53764;610110;267494
29190;132027;1256912
53768;630852;216079
21001;2066363;59592
53771;461243;356660
12811;1125706;571553
45582;357830;1218522
53777;408593;314280
53778;481763;329781
21010;2083279;71804
29202;130408;1270263
53779;481385;286334
4628;798995;1605850
12820;1129764;567000
37398;200916;1398223
21019;2088271;82236
4637;1154763;538040
12829;1135666;565194
53791;421517;375733
53794;407671;353630
37410;201711;1382025
4644;72071;1013948
21028;1980263;476129
53798;322104;325810
12838;1144248;565706
29223;557845;185918
4651;129599;1274822
53804;384128;365528
53805;345212;353267
21037;1457791;280421
12847;1860379;623196
53808;161661;374518
4658;269673;1403850
29235;581167;197752
45619;558763;1064916
53814;173865;338777
21046;445600;481167
53815;162999;353779
12856;1877572;634447
53817;180726;476563
4665;1760090;1441182
53820;174797;459403
53821;162058;473228
29246;1720467;63619
45630;1848411;202985
37439;1992475;689079
21055;1476149;1443685
4672;972258;1571722
12865;1895169;646233
53827;37816;423246
53828;67004;421408
4679;1978954;1080831
21064;1785038;1407643
53834;161511;622703
12874;1906940;653950
29258;1732581;48672
53835;156643;596434
37451;1983835;674656
4686;659546;249876
53841;195437;554717
21073;1832755;1445585
53842;180074;572808
12883;1403956;1203000
53844;57188;585178
53845;56944;568453
4693;112911;1016562
21082;877018;1336620
12892;1419931;1177444
4702;461273;489977
53857;96823;807941
53858;132586;769296
21091;874366;1361151
53861;132230;722732
12901;1606239;276456
29285;413412;1315258
4711;1995070;453030
53864;204069;824911
53865;220213;830735
45673;699470;1534148
37482;618066;502178
21100;886261;1252151
12910;1635155;268628
29296;1543209;1553724
4720;1697280;815312
53875;209667;937421
37493;1387073;131479
53877;203142;901028
21109;880728;1303648
53878;206714;915450
4727;1095620;630008
12919;1666675;256737
53880;167691;967850
53881;192068;949347
53884;419918;987547
53886;432297;936321
4734;1850012;162658
21118;892075;1194530
12928;1687478;247787
53889;131126;1422455
37505;1381604;150957
53890;129022;1436738
53892;352809;1466124
53893;342903;1480004
29319;548117;1329676
53895;369588;1546749
21127;889078;1224234
53896;346559;1535175
45704;352156;407376
4745;415093;551749
12937;1712547;238206
53898;692641;1481880
4752;1274310;151980
21136;897164;1143387
53905;660283;1479752
53906;634265;1464014
12946;1780829;1165728
45715;1502018;1535122
29331;548805;1345366
53910;742889;1500648
4761;458924;877469
21145;895004;1166386
12955;1785705;1184264
53916;727398;1507619
53917;729824;1530862
4770;322226;1210604
12964;1785919;1202631
4777;1208046;741145
21163;900651;1109054
12973;1780672;1221354
53935;737218;1476908
4784;279983;995808
29362;741608;201150
37557;110859;1096963
12982;1711499;1131237
53948;875215;1541375
29373;1259332;628037
53949;914642;1577427
53951;992317;1500913
12991;1734712;1131330
53952;959283;1550345
4800;406152;1165623
37569;98479;1095188
4807;705168;896474
13000;1754231;1136660
29385;1275343;602878
53962;847438;1474788
37580;2125281;534835
53964;790844;1472099
53965;821701;1464581
4814;1702412;605905
13009;1770964;1149253
4823;448762;966259
37592;2125271;520127
13018;1483825;427545
4830;851775;116875
29408;1484052;251400
13027;1597171;1232876
45799;757374;796396
53993;1054737;1537636
4841;271677;439042
53994;1096981;1527303
21226;735350;108060
53995;1076403;1556803
53996;1111773;1557973
13036;1637793;1263089
29420;1492035;260782
53997;1139806;1562626
53998;1096955;1581544
37615;1010019;813691
4848;1031772;230291
54001;1152476;1497202
45810;1529213;938317
21235;758763;109765
54004;1202116;1436827
13045;1704281;1317374
4855;1925557;966325
21244;777904;111256
29437;1563826;1505955
13054;1405574;477149
45822;1526428;952395
54015;1258003;1407755
54017;1258016;1386034
54018;1236509;1391913
21253;797409;112756
13063;1416207;472796
4873;496114;80502
29449;1565219;1492019
21262;818237;114384
4880;953353;125437
13072;1437689;458399
21271;837065;115804
4889;89920;549878
13081;1455657;446143
21280;860395;117479
45857;872370;1327791
4898;753362;1368335
13090;618053;1450795
54056;1511752;1414465
54057;1515094;1442575
4905;1085791;947057
21289;873582;118453
13099;613700;1496958
45868;1801088;484734
4912;659501;954666
54066;1676551;1496975
21298;888097;119585
54067;1718376;1445330
13108;87706;1136917
4919;103235;397310
21307;899486;120675
54077;1715787;1508682
13117;622812;1394978
4926;1952180;124356
54079;1695083;1537539
54080;1714676;1530184
37697;1443447;717158
21316;914641;121552
4933;1870199;948298
13126;1355848;1099809
54089;1768259;1515908
54090;1771828;1531237
54092;1751722;1559491
4940;785589;948284
54093;1755703;1532352
21325;931785;122582
29519;833959;780343
13135;1653472;1208869
54096;2045509;1405907
54098;2020643;1410772
54099;2024449;1434759
4949;982864;126206
21334;946342;123584
13144;609438;1543999
29531;826093;800694
4958;478053;619843
21343;967008;125040
13153;606115;1580202
45921;877697;903920
37730;450063;686438
54119;1965043;1178014
4967;13620;934555
54120;1968297;1125494
21352;1929171;930541
54121;2018760;1130071
54122;1994070;1153826
13162;1680713;1250351
54123;2023641;1181637
29548;582523;708427
37741;1592029;158374
4974;1812905;1034128
21361;1915588;938630
13171;1700430;1259933
54133;1919630;1091795
4981;1284071;1290424
54135;1934064;1058925
54136;1935485;1081251
29560;588566;698734
21370;1905694;929508
13180;1657789;1223417
4990;1622104;909775
54146;1867390;1050959
21379;1281559;1573777
54148;1834487;1027311
54149;1839893;1046808
13189;1667153;1238324
4999;577762;213006
54156;1821694;1086904
21388;1716838;30454
54158;1818098;1061857
13198;1752997;1254369
54159;1806169;1065567
5010;2109069;812032
45972;853013;547364
54165;1888340;1086175
21397;1692966;10904
13207;1769555;1237654
54168;1896712;1123894
37784;1991584;1097750
54169;1865773;1116220
5017;1765964;723453
54174;1860301;1011079
21406;1385938;1193533
54176;1741279;1006434
5024;1969336;909898
13216;1721284;1263838
45984;848264;521983
54179;1730357;1033633
37797;1071859;844282
54182;1761333;1052351
54183;1792090;1034206
21415;1401191;1167109
54185;1766530;1008821
5033;2035011;667319
13225;1737886;1261754
29609;887990;506252
54186;1780363;998529
45995;2123257;31480
54188;1758894;979245
54189;1782275;970662
21424;907254;518234
37809;1077388;835663
13234;1065525;827344
54198;1901276;953008
46007;2108191;58772
54201;1904883;941115
21433;867680;515419
54202;1893499;941130
5051;1265534;573528
13243;1089113;828923
29628;2062722;390808
54205;1927203;958070
54207;1944667;946141
54208;1930101;946027
46018;1498833;1587518
54210;1956447;963484
5058;2120111;233757
21442;836174;513068
13252;1018612;824088
54213;1960766;977429
54214;1944607;972836
29640;2050127;366790
21451;1741110;50208
13261;1039391;825522
46030;1505528;1595801
5074;118209;1365637
21460;1024376;526315
54229;1714869;881448
13270;985450;821305
54232;1660062;932268
46041;84507;661212
54233;1701207;942549
5081;972344;226565
37850;856611;1479553
21469;994609;524187
54239;1623141;939828
13279;1004938;823090
54240;1642502;969595
5090;945372;619655
54243;1748138;864137
37861;867096;191112
46053;81125;675053
21478;965563;522298
13288;915457;815763
54249;1708213;830903
5097;148587;1196691
54250;1733585;838624
54252;1798184;762796
54253;1762678;803878
21487;938129;520388
29679;802241;1033182
46064;69910;1089224
5104;1682460;1318458
13297;954250;818676
37873;850126;188119
21496;1139637;534135
5115;441102;1044710
54272;1659823;775717
5122;939261;121765
54275;1628192;783536
13315;1357346;1255668
54277;1626522;720360
54278;1614650;753961
54281;1651183;691318
21514;1067749;529257
54283;1677788;668746
5133;960942;418078
37902;1754080;456334
54286;1698747;697122
29710;647600;392580
46095;703982;1436767
54287;1694902;731575
54290;1576225;725327
21523;1113268;532283
5140;1447534;371151
54293;1575505;699872
13333;1353240;1256136
54295;1560173;696765
54296;1561368;708922
37914;1741617;482122
5147;784314;509770
21532;1558424;1596015
46108;728778;1448008
54302;1586301;679736
13342;1168859;837850
54303;1569566;686554
29729;733940;1227991
54306;1526697;563481
5154;205538;417467
54307;1509584;563884
54309;1440542;651759
21541;1544743;1601749
54310;1465095;659947
13351;1349342;1258329
54313;1418809;680885
54314;1439150;700984
29741;738471;1237369
54317;1261311;665265
5167;682696;598895
13360;1112218;830788
5174;1943914;920271
54327;1285250;627143
13369;1139931;834136
54332;1258051;809097
54333;1245507;768849
5181;733547;605111
54335;1201916;790145
54336;1225686;827268
21568;1481129;1599807
13378;697071;798687
5188;814723;213732
54345;1162388;785235
21577;582350;1551171
46153;1638911;805826
13387;123789;843023
54348;1089116;799348
54349;1121965;806557
5197;51312;1537972
21586;1533800;1602090
5204;798838;314713
29784;910956;1160287
21595;1516092;1601913
37979;567634;596713
13405;83583;831515
5215;1876851;395552
54368;1120604;737661
37990;1016920;1365094
13414;41934;820622
21613;1917323;1511297
5231;877166;909550
13423;2015383;1251197
54384;1184083;790673
38002;1017061;1353530
21622;550053;1522854
5240;852978;1606961
13432;2030805;1246668
29817;862207;306924
38013;837293;678334
5247;1226846;599548
21631;488423;1466225
13441;2056684;1263856
5254;1907048;1030025
29832;1238223;524987
21640;1977539;506125
38025;834350;701542
46217;778830;1144774
13450;891669;813950
54415;976334;754587
5263;801438;1271053
21649;1834341;1211992
13459;872269;812656
5270;1204102;147174
21658;2039588;539482
46236;1224747;227731
13468;845286;810620
5279;1582697;774198
54432;1014175;800845
54435;1028042;806367
21667;2000274;518350
54436;1035383;792883
13477;812572;808107
54438;1043641;795489
5286;1521881;211008
46248;1222940;238699
54441;1055393;808618
54442;1067768;795876
21676;1762589;1206565
13486;784767;805929
5295;1144853;1198494
29873;748995;338847
54449;1007793;781464
54450;994196;785398
21685;93965;1364145
13495;765373;804451
5304;1995217;1093465
38076;425156;768889
29885;746146;317074
21694;1798044;1212795
5311;1863772;959749
13504;753626;803482
38087;1052494;300397
21703;1775792;1210737
29896;1884300;352596
13513;736694;801866
46285;839238;1548950
54479;961295;737921
21712;163747;1392469
54482;951552;766650
13522;403841;589520
5331;1308668;712466
38099;1055596;327170
54485;954171;796721
54486;986838;801824
54488;987246;766938
54489;999885;760790
21721;1623420;1515886
46297;850490;1545173
54490;1056664;780593
5338;890822;1217020
54491;1092650;757124
13531;412061;562415
54492;1125954;748439
54494;1147604;670895
54495;1098433;693785
38112;1918602;161220
5345;916559;414081
21730;192178;1438052
13540;428421;523073
54501;986327;646270
54502;1050279;646216
29927;811574;384558
46312;1049610;851390
54504;973715;685540
54505;1043437;694534
54507;1104425;590953
21739;177426;1416605
54508;1077165;601450
38124;1927650;161248
13549;1736037;1367473
54510;1109006;555273
54511;1072381;545034
54513;1019473;562603
5361;1842668;381749
54514;1021002;541931
29939;803769;401564
54516;1015773;608982
21748;2089520;566242
46324;1052309;833914
54517;1017284;588419
13558;375351;725798
54519;1030917;483899
54520;1036157;503768
5368;613741;298127
54522;1040814;443182
54523;1032792;461589
21757;2072342;556955
38143;1322119;1278252
5375;1933565;245099
13567;381754;680953
54533;1129693;459745
5382;281967;451777
21766;2146708;598074
13576;386702;658266
54539;942014;389873
38155;1302302;1266897
54540;884595;374082
5389;408867;574636
21775;2121891;583666
13585;395367;623987
5396;785337;213099
54551;961446;189695
21784;1754310;1511725
46361;682273;1023657
54554;963372;165387
13594;310272;755780
5403;452284;1219927
54561;935165;187787
21793;1768754;1498551
29986;1464624;680189
13603;348266;764566
5412;328110;451029
54567;949261;172707
46376;246301;717777
21802;1783986;1484745
38186;1699125;1518522
5419;1086326;1185632
13612;1998539;1055998
29997;921324;589999
54573;935987;171486
54574;936692;155650
54577;922835;169420
21811;1787980;1071281
46388;240329;727833
13621;1961077;1101836
5430;1291714;1327525
54583;900138;168762
54584;895756;189826
30009;917122;609329
54586;912269;163253
38203;21388;879175
54588;911142;185162
21820;200221;1463780
5437;1587759;954662
13630;198732;720411
30020;712609;1206033
21829;200659;1473947
13639;222480;729422
38215;13881;930979
21838;204200;1493824
13648;238273;733481
5460;1504274;408467
21847;1726673;1539114
13657;263575;742897
38234;936676;467442
30043;620861;642764
5471;346907;456131
21856;1881763;935196
54625;786277;181499
13666;1364059;1269884
46435;1702482;820088
38246;949175;467943
21865;1895277;920858
13675;1365283;1266672
54639;810899;196970
5487;860332;1083009
54640;830421;183559
38257;440709;1310327
30066;203613;1070798
54642;820839;131786
54643;831107;150727
13684;1357527;1274249
54646;768041;157294
54648;774149;128568
5496;83817;1182355
54649;786110;143293
54651;735044;171993
21883;1383484;1530003
54652;746112;189302
13693;1361357;1272654
38269;424756;1302520
5503;735554;1034823
54658;879245;72101
54659;876172;96780
21892;1804584;1045286
13702;1362497;1258287
46470;982543;69175
38280;2066801;184563
5512;1060565;1182856
21901;1828497;1008211
13711;1359846;1256514
46481;1537430;779289
38292;2068636;197705
5525;1887858;202185
21910;1854851;969633
13720;1365184;1263101
54683;902657;98262
5532;1771794;657155
46493;1545073;757769
38303;2085937;1468591
21919;1867107;953674
54689;908187;48289
13729;1364028;1259971
54690;904439;74437
5539;246348;860820
54694;940098;73095
46504;579257;1276897
21928;1233335;596315
5546;1380208;1119922
13738;1347220;1261313
54700;941039;43720
54701;971074;67932
5553;1649196;546805
21937;1221401;604523
54707;1133631;116127
13747;1346546;1264855
30131;1755196;1069570
54708;1164652;111758
5562;1257251;302069
21946;1211814;612919
54716;944488;104491
13756;365348;789866
5571;696216;75329
21955;1209014;620223
54724;1174076;81203
13765;357499;834748
30150;2075386;894517
54726;1151433;58277
54727;1128382;85102
54729;1101199;53689
54730;1094473;72129
21964;1507265;404658
54733;1109735;114573
13774;1350014;1272161
38352;985213;428415
5586;153046;1020518
30162;2085287;915412
54739;1093081;96194
54740;1086405;114834
21973;1657168;1156491
54742;1052863;111912
54743;1056034;92581
13783;1353705;1274174
54745;1057543;49598
5593;560826;492941
54746;1057954;68534
21982;1686223;1174178
46559;760306;299429
5600;1089150;970599
13792;1347308;1268714
38369;305171;844375
54755;1014564;108734
54758;1005612;75093
54759;1018300;45787
5607;1825746;1441526
21991;962091;621160
54760;824752;113484
46570;2087808;545574
30189;758088;1517718
38381;299497;854901
54766;786032;43266
5614;1167648;371300
54767;796836;83037
22000;1331194;526478
13810;1899280;1172874
46582;2079830;555666
5623;172939;507548
54777;814292;96012
22009;1306876;544013
54779;817358;70663
13819;1842878;1134623
54780;809277;83523
38402;1908900;1060116
13828;100440;449400
5637;1173519;926655
54790;642475;105384
54791;623922;104463
46601;1261273;504353
22027;1290507;555859
13837;1952016;1209410
38414;1914703;1037874
5648;1695309;1494530
30225;1410050;307027
54801;613214;93447
54803;635525;81225
54804;618640;81432
22036;1276833;565374
46613;1275144;537291
13846;1725624;1059723
5657;1106669;38615
54810;627074;122239
38429;926242;1228666
30237;1412709;354955
13855;1679304;1032074
54817;614327;115184
54818;605583;100379
5666;1672181;843397
54821;609098;118462
22054;1257078;579770
54823;598503;107290
13864;1784467;1094720
5673;2096542;815421
38441;905509;1218415
46634;2108684;887143
54826;593817;117488
54827;585344;123646
54830;612052;135922
54831;596235;135249
22063;1244091;588702
5680;781270;707239
13873;1763574;1082665
54834;573193;134678
46646;2116941;879687
38456;710781;874698
54840;598065;153747
22072;381192;1461510
54841;582126;151352
54842;522157;250215
13882;1369257;1115056
5696;399608;602672
22081;362902;1445480
13891;824796;1607191
54852;487011;217280
38468;705983;889269
54854;481597;184429
54855;492127;201410
5705;1731910;174037
22090;468372;1537668
13900;1514045;1194413
5712;984809;1284928
54865;448802;218041
46673;1946096;143176
54867;450700;181878
22099;407882;1484390
54868;453547;198181
13909;1429354;1146693
30295;1960728;1030641
5719;575178;493952
54874;546701;190179
46684;1980650;289754
22108;1455005;929670
13918;674268;1599978
5728;1563806;100848
30307;1953010;1024289
38499;1745299;1576687
54885;567266;204682
22117;539244;1603010
54886;545629;197284
13927;636178;1591081
54888;541883;202554
46696;1977196;279369
54889;556703;223483
5737;671575;1241212
30318;1436906;487560
22126;1372525;496689
5744;755027;960166
13936;767910;1606458
46707;809200;450844
54902;535707;215334
22135;1417448;914593
13945;719031;1604880
30330;1426926;470391
5755;920335;1088825
54908;510816;188413
54909;516858;207416
46719;818756;452086
22144;174583;1364963
38530;790795;401550
5764;1171822;953585
22153;136888;1363707
38541;1774772;1542255
5778;92414;546256
22162;218686;1378368
13972;1898888;1180213
5787;653545;300826
22171;198391;1368978
54940;472327;199619
13981;1924852;1147948
54941;505217;203453
5794;1355029;115890
46754;772279;496398
22180;257571;1396027
30373;1940650;567919
13990;879173;615046
5801;568416;391821
22189;237701;1386964
13999;894294;616057
5810;1572570;763228
30386;1930009;544979
22198;341111;1434715
14008;909310;616983
54969;248387;300305
5817;1042297;630310
54970;287620;289315
22207;297142;1414117
14017;928288;618523
5826;1143051;609631
38596;864546;277364
30407;1236718;906114
54984;212853;293261
22216;1255445;763445
5833;1063888;35175
14026;707367;64539
54988;223431;314582
54990;193080;306194
54993;179717;285145
22225;1275459;776586
5842;812397;1269716
14035;682812;88365
30419;1244221;917727
46807;246644;274952
55000;196679;280479
55001;218252;281902
5849;1715022;102534
22234;2117882;614323
14044;827970;611539
55007;340753;634693
55008;334717;595874
46818;1898544;329992
5858;854156;1546092
22243;2087024;636687
14053;857154;613523
55016;385199;594529
5865;1749838;195615
22252;2073329;645636
55022;352418;556409
14062;94534;523512
55023;383581;565909
5872;725991;702916
30450;1062972;41217
55029;401330;501131
22261;2058687;654831
55030;415404;519490
14071;90977;547915
5883;534312;292169
22270;2043145;664973
46847;1512472;1482995
55040;370329;531172
14080;89429;564082
55042;341021;522812
5890;1462125;443260
55043;353097;537573
22279;2022448;661646
14089;74012;626702
38666;181924;861837
46859;1517782;1466651
55053;378215;504802
55055;348618;496237
55056;365968;493084
22288;1068083;1105525
5906;397158;1550409
14098;1708643;1257331
38677;1924667;308336
5913;559577;1055312
22297;1069982;1083313
14107;1713165;1269852
30495;526753;677369
55072;302533;521754
5922;368953;768924
22306;1423987;1132787
55075;274826;513444
14116;1724048;1286293
55077;286619;473081
55078;273234;491255
55080;314755;481298
55081;316046;504001
5929;569268;228011
55083;428511;412157
22315;1520164;1185409
55084;447589;416096
14125;1736145;1305778
30510;492627;1188438
22324;1202113;737879
14134;1740814;1328299
46902;448781;255597
5944;1284725;1092549
38714;240334;837187
55100;333111;431217
22333;1213989;742517
55102;299943;421481
55103;314911;431832
5951;538386;687718
14143;2098874;269831
55105;306968;397523
55108;325362;395991
55109;339987;407279
22342;1225757;747324
38726;234254;851157
5960;514573;1582122
14152;2129389;222207
46921;1587970;43962
55115;494672;623168
55116;508387;630301
38735;2060693;1355249
55119;420834;712535
22351;1237417;753413
14161;2149617;192948
5971;951513;1067853
55125;439271;720346
46933;1606825;63707
55126;458074;715506
22360;1202174;168079
14170;328679;274695
55132;410027;691821
55133;398664;710851
5982;561439;1154636
30558;568727;794794
55136;421177;739476
22369;1199243;199567
55138;430578;759897
55139;455059;741876
14179;390721;280180
5989;156507;1366035
38760;1122472;870403
30569;505342;1328305
22378;49722;714096
14188;464913;286525
5998;797382;508066
22387;31052;781795
38772;1122192;839376
46964;1230011;1265093
14197;500495;289638
30581;497458;1341393
55158;420519;857002
6007;1309972;430734
55160;422797;831504
55161;413236;843176
55163;431981;798304
55164;444393;816799
22396;1028557;627651
55166;378244;804275
6014;596775;590358
14206;525371;291885
55167;399486;795611
55169;369869;842618
55170;391204;854000
22405;1068870;630023
14215;555420;293037
55181;310749;782979
22414;980501;622890
55183;254798;767658
55184;254761;798969
6032;1026401;1504377
14224;593960;295098
55190;115091;898910
55191;105894;873810
22423;1001160;624940
6041;640328;1161134
14233;622935;297178
38811;449997;671820
47005;1521805;1457477
22432;1991005;655523
55201;121060;863076
6050;319202;273728
14242;1362565;1150915
55203;87497;854331
55204;104936;853081
30628;883842;1231251
38822;906986;743982
55207;57471;885281
55208;71272;886426
22441;2003128;652632
14251;617110;1581974
6061;2073034;109609
22450;1971449;681536
38834;906761;724271
6068;1342391;88696
14260;1314049;1236637
55224;65986;972512
55226;247792;1093105
55227;232358;1068510
22459;1982967;665934
6077;1681381;147576
14269;1337430;1194530
47040;1040304;1517549
38849;543612;95534
22468;1939233;674723
6086;1419708;383987
14278;1277202;1300119
30663;1206266;1269593
55240;221610;1066400
47051;2087201;121270
6093;2078322;558696
22477;1958293;687235
38861;516962;83247
55246;294647;1155253
55247;257938;1189633
14287;1290951;1277296
6100;1559363;969793
22486;1196835;225612
55255;213008;1184259
47063;2075164;110949
14296;1294456;590486
6107;1299602;1265252
55261;192368;1163770
55262;168340;1180261
22495;1921221;662968
38880;1834289;327344
55265;46212;1031164
14305;1323928;603241
6114;574454;1056476
30694;1545140;1469162
55272;35357;1048287
22504;1726959;1458080
55273;43354;1068114
47082;455180;1087968
14314;415507;1502255
6125;106087;982368
22513;1753569;1436958
55282;34865;1086555
14323;1276173;580961
55285;23132;1091705
55286;10778;1083561
47094;443859;1087468
22522;1691192;1500986
14332;392121;1566854
55296;70321;1101090
6145;1697857;125236
55298;57989;1077304
55299;79152;1089992
22531;1700144;1490234
14341;405899;1528087
6152;1422629;1261868
55308;70723;1070144
22540;1631931;1274052
38925;524273;397557
14350;1697896;1238973
55311;77189;1053043
55312;74899;1034028
22549;1588355;1237929
14359;1680154;1271097
47129;101892;844376
55322;248690;1250658
55324;248038;1219752
55325;240046;1240261
22558;1777286;1456402
14368;1707930;1242478
30754;807975;464866
6183;667357;796174
22567;1706538;1340088
55336;221089;1221619
55337;232815;1217656
14377;1707913;1228680
55339;315269;1244347
38955;920211;1284749
55340;323977;1258369
6190;1317347;535194
30766;817719;466576
22576;1531536;1467497
55346;282204;1246196
14386;1578010;768840
55347;277483;1260982
6197;309553;1134836
55353;322194;1227566
22585;1549905;1476868
55354;327259;1240559
30779;1232297;549786
14395;1608682;792112
55356;317925;1334236
55357;305506;1329700
6206;1371090;155949
38978;1181073;1228577
22594;1486994;1447383
14404;1642554;818796
47172;1582659;737552
30791;1243447;570135
6219;752036;404141
22603;1503670;1454131
55371;482715;1329377
14413;1660406;832937
38990;1172634;1251674
55377;484576;1304063
30804;703292;83414
6228;1204354;1275560
22612;1602894;1504995
14422;1593834;978200
39001;562323;1303262
6237;75733;1266883
22621;1677051;1517918
14431;1586655;973244
30816;698098;77771
47203;382253;1581801
6244;1605151;587335
22630;1561197;1482857
14440;1585024;966852
22639;1579345;1492480
55407;483010;1304039
39024;1284927;642907
55408;486137;1304334
6257;1586241;743083
14449;1588276;959511
55409;469335;1344546
55410;496823;1346924
6264;477114;877054
22648;1213121;1281975
14458;1398525;1247830
6273;1143787;1190200
22657;1187496;1266819
30849;316426;1342500
47234;1098935;537460
14467;1352788;1221629
39049;1084767;1343528
6282;1195438;240395
22666;1158645;1249939
14476;1902188;558034
30864;2049215;1508977
6289;750552;804852
22675;1143941;1239965
14485;1930741;525458
39061;1080622;1357018
22684;1065525;1130824
47261;847811;461124
14494;1842116;629114
6303;63171;548664
55457;589652;1306908
39076;1812536;360937
22693;1062472;1162241
6310;198838;1295317
14503;1866397;599583
47273;833411;454632
22702;1056459;1217099
14512;1804968;672251
39088;1813138;370558
55473;603597;1306000
30900;691678;832965
22711;1050885;1268934
6328;1097434;136449
14521;1822710;651766
22720;769672;1369984
30912;677571;835127
6337;700470;1602440
55490;499343;1262890
14530;804850;312728
55492;505865;1240475
55493;504735;1251243
55495;479309;1238271
22729;797430;1372278
55498;471947;1263109
6346;999492;822366
47306;1930588;248557
30923;1883901;258414
55499;484613;1261983
14539;822217;314644
55502;456535;1260372
39119;892168;905118
55504;457493;1237638
55505;441607;1247250
6353;1046200;722879
22738;829218;1374234
14548;752947;308029
6362;1360838;1365771
22747;857661;1378232
14557;779317;310465
6369;247023;268973
22756;1141542;1234268
14566;690353;301342
55527;598666;1145330
55530;606091;1130427
39146;811986;304635
47338;575329;1151179
6380;303156;1207642
55533;600501;1115114
22765;1142308;1215458
55535;628325;1126589
14575;727680;305680
39157;1253665;660760
55542;617876;1121187
22774;1144302;1194356
47351;1698042;354521
55543;613721;1130198
14584;642650;298653
55545;608974;1092587
55546;597413;1083108
55548;569752;1134547
30972;573967;210408
55549;581109;1141303
22783;1149427;1144633
14593;666510;299858
6403;607934;789537
47363;1697926;375868
55559;573542;1115373
22792;1086485;1297743
55562;556584;1114571
14602;949569;550337
55564;579890;1083090
6412;1261727;1105407
55565;571270;1100767
22801;1118644;1308074
55571;557916;1079468
6419;618622;889628
14611;946430;595517
55572;561338;1098966
30999;1490755;1479051
22810;1151848;1319150
6428;524202;391253
14620;958719;445437
39200;329169;446156
55587;558253;1141638
6435;1517324;599799
22819;1162811;1325741
31011;1480250;1471939
14629;954737;493485
55590;548758;1141667
55593;545503;1131750
55594;549198;1120498
6442;1690932;660827
55596;562181;1129660
22828;952793;1281156
55597;559945;1121436
31022;1625468;868851
14638;1955579;1011509
6451;675303;697269
55604;534147;1099838
47412;331427;753628
22837;991683;1284384
55606;520343;1079458
55607;499409;1097019
14647;1942655;1030802
31034;1634772;883346
22846;1022205;1287619
14656;942002;669541
55617;534268;1128322
55619;499014;1114135
6467;681699;1029803
55620;508413;1133213
31045;1720662;656454
22855;1064808;1293132
14665;934814;767298
6474;1765696;76196
39243;1051783;408503
47435;798466;321060
55630;744301;1151456
55632;696355;1117767
22864;819666;1271149
55633;747921;1103885
31057;1729195;640673
14674;178247;744100
6483;1944611;984892
22873;841125;1272412
14683;167525;782066
6492;1881517;193004
47456;404960;547008
22882;868394;1274102
6499;633445;890908
14692;213627;622740
31078;177559;828342
6506;1009831;821794
55659;839078;1140968
22891;903897;1276884
55660;837205;1157442
47468;412145;550569
55661;837312;1169500
14701;193027;692543
6513;2027749;184524
31090;173501;842514
22900;770228;1264232
14710;1795221;1475042
39286;1528143;213744
47481;2005851;476827
55674;865921;1175284
6522;2091500;496180
22909;776823;1267299
55678;807433;1170927
14719;963268;388035
39297;579181;1485924
6529;409161;1391391
55685;799220;1118687
47493;2005615;463527
55686;880299;1124662
22918;790919;1269355
55687;853340;1099860
55688;829671;1097734
6536;985837;421246
14728;155590;820444
22927;807340;1270322
6545;987630;69810
14737;1811242;1457226
55702;880560;1179426
6552;643403;792557
22936;742347;702485
55705;867541;1215025
31130;974241;606515
14746;45734;1009822
6559;2067995;1152964
55712;806257;1210213
22945;702919;699411
14755;619429;1349538
47524;678777;309416
31142;973417;615655
55721;874785;1243923
55722;847938;1254848
22954;791961;706362
55724;788358;1196185
14764;620670;1326524
55725;802319;1251894
55727;833495;1215817
31153;1728616;340878
6579;976463;524543
22963;769985;704549
14773;624146;1290945
39355;847983;1363898
55740;915399;1127543
22972;612150;692096
14782;234727;550424
55743;932672;1137197
55744;939537;1122724
6593;1042207;1484807
22981;597857;690838
39366;199742;1515158
14791;255364;482853
6602;781924;963036
22990;659132;695901
31184;690797;61205
14800;294245;355612
6609;1216248;609558
55762;982947;1161166
39378;206064;1512658
22999;633244;693835
6616;575182;1154781
14809;83894;1013388
31196;692926;71319
39389;1585214;1511714
23008;512994;684045
14818;14816;388631
6629;861378;316299
55784;1058010;1122912
23017;487909;681952
39401;1589067;1504038
55786;1033182;1120588
55787;1047846;1115420
14827;61902;392910
6636;510381;586826
55789;1008418;1163186
55790;1030660;1171812
23026;564543;688136
55796;1126381;1244994
14836;135024;401570
55797;1156214;1264220
6645;573649;295783
31225;1847663;519131
55803;1101214;1217118
23035;532274;685546
55804;1124157;1209596
55805;956775;1159126
14845;185582;412583
47613;905315;1129330
6654;952436;521400
55811;1180329;1309665
55812;1189920;1293725
23044;425297;676878
31237;1839226;547160
14854;626799;1261699
6663;1634086;811998
23053;398482;674752
6670;2079560;98983
14863;629416;1243982
31252;1867508;198142
39444;740834;965502
6677;1079989;1294744
23062;460860;679671
14872;1400978;1214101
55835;1224492;1241861
55836;1222656;1261981
6684;1186814;1085265
23071;443687;678466
31264;1868617;187307
14881;1419707;1223843
6691;847908;907199
47652;720741;1498255
39461;1460997;420541
55846;1203232;1251246
55847;1209522;1260789
23080;1398573;1197933
14890;117179;551961
55853;1229451;1213374
55854;1236229;1226520
6702;314892;1346716
23089;1400909;1201293
39473;1470788;399823
47667;1722591;117639
55859;933183;1164218
14899;103659;548266
14908;1491898;577100
55869;802800;995880
55870;801585;1018687
47679;1719253;105353
39488;804047;483298
6720;1183523;839788
55873;838995;1020743
55875;798363;955256
23107;1394580;1195713
55876;823682;977644
14917;1501472;590896
6727;655392;201421
23116;1384152;1196901
39500;798748;499023
55886;810230;925739
6734;206708;725371
14926;1510752;597015
55887;854826;940709
47700;2090974;664704
23125;1389555;1195361
39511;1386401;19919
6743;775874;1039927
14935;848786;154287
55897;872693;873484
55898;870463;894729
23134;1379464;1202857
55904;905913;875915
6752;690100;507566
14944;845031;201660
47712;2081016;644972
55905;899334;895870
6759;164990;796448
23143;1381876;1199018
31336;1926675;964697
14953;235252;427363
55917;906672;855028
55918;903422;836074
6766;526163;683373
23152;1379592;1211149
14962;97018;606077
6773;1051933;1249746
23161;1378709;1206220
55930;890899;869947
14971;92263;635228
6780;1826152;548101
55938;846717;875743
23170;1387058;1218341
31363;2023565;907993
14980;101043;638517
47749;302257;1249062
6789;904977;814915
39558;939682;116181
23179;1382295;1215355
6796;1172412;239009
14989;106425;638742
31376;2022576;923209
55954;855294;828119
6803;847105;188305
23188;1395498;1217987
55957;842151;845723
14998;112292;637242
55959;828231;829346
55962;813358;858694
6810;2086689;215175
55963;828582;890328
31389;2015010;638546
23197;1391131;1219017
15007;122948;608718
39585;591535;1477000
6817;1138935;1359676
23206;1398890;1215679
6824;1995097;649828
15016;131876;574453
31401;2011890;652883
39597;603803;1475364
47789;418808;583538
6831;1705614;138186
23215;760012;1256734
15025;126453;561089
6838;1005648;228670
55991;973654;835579
39608;2053017;603001
23224;752929;1251438
47802;652530;743776
55994;948689;833573
15034;1011203;230005
55997;945903;848509
6845;925995;521079
56000;944480;865997
23233;743393;1247092
56002;955014;899638
56003;943382;880843
15043;1024267;230841
6852;501420;1150739
39620;2061601;578389
47814;662204;753222
23242;705083;1243339
15052;983731;228345
6861;2032195;468981
47825;874543;741573
23251;657581;1240350
6868;1642578;556712
15061;999983;229319
31447;25791;1082262
6875;1697421;16182
23260;642409;1238361
47837;876487;721945
15070;333345;222956
6882;746416;1171865
31459;21013;1072567
23269;1569221;573432
15079;362356;121518
39655;548542;1148926
47848;1848249;298091
6889;1472044;395475
23278;1546669;612570
31472;1892838;1037269
6896;365757;480106
15088;111465;580480
39668;217075;1500465
6903;1847820;562727
23287;1520995;656801
15097;107974;608517
31484;1897043;1040740
6912;1610882;68663
23296;1497961;698358
39680;213224;1511452
15106;1242307;245144
6919;2151779;530794
23305;1870522;813550
15115;2124836;901963
56076;934318;879977
56077;935525;865111
6926;819996;710254
56078;936813;847508
31503;1042078;1143587
47887;1786442;513400
56079;948047;825372
56080;952597;911900
23314;1401823;1211328
15124;1183429;240756
6933;1656106;259491
23323;1402654;1207207
31515;1061457;1142552
6940;998798;1406636
15133;1209320;242583
56096;924566;890979
47906;543298;1477371
56098;929215;838010
39715;575853;1504913
6947;1814195;664181
56099;926929;862951
15142;1133680;237970
6954;1927226;666050
56109;1385605;852919
47918;542095;1503543
23343;1765069;699618
56111;1340882;839209
15151;1159062;239564
39727;566413;1522153
56112;1355001;865312
6961;1451330;450447
6968;2013918;524095
15160;1046614;232248
23355;1769015;685594
47935;1950701;278727
6977;1890320;641593
15169;1090923;234944
56130;749663;849019
23366;1895617;620812
31558;631076;306859
6984;877299;1343594
15178;2116393;845482
47947;1950452;266982
6991;416379;1315484
23378;1892131;639095
15187;2123872;885144
56148;784582;777178
56149;769957;786448
39766;1051797;999050
7000;908173;715402
15196;2081422;1137525
56157;757765;781033
7007;359307;410052
56160;759990;754999
47970;726578;533029
56162;752606;734721
56163;762541;723614
31587;354260;1453315
15205;2107407;798356
56166;786341;747016
7014;518842;1224251
23399;1629931;662727
56169;787473;725849
7021;1175165;145111
15214;2007339;1230694
47982;735227;515019
56175;773631;722321
23411;1637947;670890
7028;2101822;571424
15223;2042377;1186833
39801;522932;154699
47993;2099200;1452988
23424;1936095;333178
15232;1934600;976163
56196;770196;736748
7044;209538;1511493
56197;772290;750768
56200;751315;822320
31624;411160;500103
56201;744185;836982
15241;1952996;992602
7051;1436451;920757
48016;1299112;619467
7058;1652803;1201890
15250;1912340;957614
31635;870714;145128
56211;744457;1013907
39830;646723;714360
56214;710334;992869
23447;2046263;61368
7065;1930242;162871
15259;1919669;962458
48028;1299070;601359
56221;740202;992053
56223;746049;975429
31647;866653;122495
56224;760779;993893
7072;893121;712564
39842;646832;703331
56227;700817;1013075
23459;2053970;55043
15268;1894373;964218
56229;675817;976349
56230;703972;972138
48039;644878;576797
56231;837457;998187
7079;886554;613840
15277;1905367;959416
23470;899703;236163
7086;1659032;183874
48051;640684;587851
56244;915828;1376963
7093;2126971;516630
56246;920157;1334336
15286;1876491;970165
56247;906005;1358095
56249;923877;1296437
56250;896806;1302672
23482;896874;225635
56252;865356;1314118
7100;1262039;856014
56253;847710;1323825
15295;1883652;968473
31680;1344773;162959
56257;860333;1362731
7107;1695401;614988
39875;408379;1503490
56261;837354;1361342
56263;838432;1341083
15304;1113245;1394952
31691;2066887;148525
56270;854578;1349768
56271;863395;1339133
7121;1555057;464951
15313;1869541;965437
48082;1120343;438201
31703;2060662;134035
7128;1361586;1256862
15322;1096467;1416339
56283;823343;1310686
23515;321739;1215717
56284;834985;1302979
7135;929241;225155
31714;2118314;111372
15331;1077649;1439508
56294;637378;1568362
39910;217695;272334
56296;644195;1498314
7144;2007397;459824
56297;633279;1534802
56299;718801;1560472
56300;738475;1588028
15340;1575555;466104
56301;759769;1457500
56302;1037719;1580200
31726;2089445;89950
56303;1212548;1496745
7151;865749;810453
56304;1532207;1435951
15349;1544753;439457
7160;1079660;1361464
31739;577418;999168
23548;1627117;915512
15358;1516795;417517
7167;1118524;1080204
48129;369022;380029
7174;878053;714742
56327;1555440;1432434
15367;988843;1582532
31751;580193;1012851
56328;1590535;1422444
56329;1565854;1467477
39953;1048674;1181787
31762;2112575;558375
56338;1593953;1483917
56341;1616103;1464925
56342;1622034;1438845
7190;1301653;595010
23579;1143583;1246870
39964;1460733;511386
31774;2103554;568440
7199;1706555;1223167
23590;1007025;1302827
7206;1611304;253814
56358;1563973;1531314
39976;1464815;524832
48168;447363;299942
7213;548436;1351085
31793;1491820;95421
23602;997129;1289241
7220;496609;582386
56374;1553139;1534181
56380;1359703;1387094
56381;1372621;1421761
7229;475927;633652
31805;1511948;121196
56387;364709;1554735
56388;369285;1582138
7236;1401103;475656
56389;103972;718744
48199;364296;484021
56395;623327;377900
7243;1124639;1378748
56396;628406;357342
56398;611665;334941
56399;612139;316201
15439;1537315;567627
40015;624105;390451
48210;1696468;86891
23635;2070873;826452
56405;670763;382117
56406;647842;378176
7254;1591640;1499038
15448;1513519;608482
56410;684271;350438
56413;666733;349456
7261;1817974;130112
56414;649441;351608
31838;200502;847551
48222;1686542;100344
15457;247977;1617534
40034;513133;850948
56420;651605;331105
7268;2117051;916218
56421;669425;319207
56423;635066;317421
56424;640536;330500
48233;667950;1224082
15466;1479804;461790
56430;576427;315126
40046;518028;873913
56431;577232;329318
56433;593020;243001
56434;604076;218999
15475;105225;1591554
48245;671960;1235644
15484;176615;1604524
48256;537134;1301256
56448;1237597;197090
7296;1017547;1350943
56450;1225013;180443
56451;1217873;201927
15493;205159;1609728
7303;916654;615867
56459;1314057;225696
31884;1672900;610747
15502;1654388;660013
7312;1783799;518209
40085;1946083;982441
48279;2060521;229556
7319;864154;710324
15511;1547451;530341
31896;1683893;620314
7326;902122;618230
56479;1300484;200039
15520;1526353;510795
48291;2059960;214768
56485;1271881;182529
7333;177827;987245
56486;1292747;168837
15529;1503760;486543
56492;1271090;213097
23724;1481770;559839
56493;1285570;229889
7342;1683923;101953
56495;1323150;170214
48304;1534050;728475
56496;1315835;183609
15538;415067;575630
7349;801241;746252
40118;2096462;821376
56507;1351631;198573
15547;1580144;752807
56508;1358039;234527
48316;1527046;732832
56510;1370499;95037
31935;538263;594574
56513;1386185;97922
40131;621259;575345
7363;1770816;683540
15556;1594549;733468
23749;701300;930488
56520;1392624;77401
56521;1410738;56060
31946;1898495;139848
7372;843794;217344
15565;1621602;699372
40143;626096;586756
23761;699753;953710
7379;1937199;149242
48339;895952;210089
56532;1534260;293483
15574;490242;583615
56535;1591041;249313
40154;1780660;173101
7386;690930;895454
56541;1534561;225122
48350;1271221;671102
56542;1565088;233780
15583;469225;581605
31969;872178;641720
7395;1504473;1600449
56548;1553235;265340
56549;1555908;299133
40166;1762254;186047
56552;1634020;296147
15592;454253;580408
48362;1290185;698982
56555;1829716;261824
31981;871208;622674
15601;432998;577919
15610;531846;586815
7420;1964059;95537
48381;881742;44198
56576;1842650;367837
23811;1344728;41942
56579;1852425;357686
15619;546067;588076
7429;712269;1168690
56582;1852762;344090
56585;1863862;333980
56588;1863769;321139
7436;1750094;659501
15628;503446;584635
56591;1873957;311781
56592;1874955;297005
32018;188700;269695
7443;997494;1286171
48404;1841305;583793
15637;517556;585757
40213;1843974;377904
7450;355740;1365976
23838;521072;1305044
15646;611079;593241
48416;1846210;565309
7457;622260;1425439
40226;997520;903867
15655;632299;594945
7464;848682;712471
48431;480431;859102
7471;1943338;141754
15664;560776;589180
7478;1061563;232125
15673;582315;590870
23867;825194;1285726
48443;477773;870215
56635;1879551;368500
56636;1905810;381214
7485;1092767;1300841
32062;1518878;806478
40258;1596537;701634
15682;727290;602815
7492;1833676;641475
23880;826743;1277366
7499;825207;807366
15691;752873;605167
56654;1916922;351751
40271;1599119;716190
56655;1923074;359723
56656;1920285;364993
7506;1986569;660128
15700;659448;597019
48470;538675;1410080
32089;528420;137307
7513;412489;1355488
23899;1208635;1224787
15709;703931;600821
7520;866607;119289
48483;517613;1381162
56677;1910319;344303
15718;1491338;279575
56678;1920930;350248
7527;848260;515499
23911;1214125;1207337
56684;1914214;377246
56685;1910258;386030
40302;1777132;231077
15727;1503515;250393
7536;2058135;132197
32114;873514;1022711
48502;1741010;150937
7543;878886;814793
15736;791616;608639
23932;720428;464868
32126;868369;1038937
15745;1483802;299881
48514;1736159;169884
7559;841847;612509
23944;715020;491685
32137;65404;1175239
15754;388337;1180926
7568;1539788;171236
23955;486321;266983
15763;395173;1199295
32149;71699;1178087
56725;1918824;338959
56726;1925375;327545
56727;1905769;311518
15772;404690;1183611
40349;832612;915912
23967;481883;280842
7584;1175584;569623
56740;1929740;329025
15781;602660;1357597
7591;1154945;140550
23976;1978475;1464628
40360;493441;1304473
48557;208991;1195676
7598;1864851;627349
15790;1101414;1185982
56756;1925610;322117
7605;1466206;527163
32182;71739;1022140
15799;1128982;1188722
48570;1850073;659716
7612;1661483;32719
23997;2008382;1486027
15808;417402;1165576
40385;1043634;1321926
7619;1625538;229406
48582;1836494;644347
15817;397234;1163698
7626;834256;708013
56779;1888344;299648
56780;1889753;295015
56781;1889932;291010
40398;1047478;1294071
56782;1879539;286229
56783;1868388;281067
7633;1039185;1354570
15826;1563571;113817
7640;2056619;481628
40409;909672;1429068
15835;1564726;106163
24028;1536477;1404457
7649;2050096;661207
32228;2118244;77759
15844;1444505;1423576
40421;912707;1404391
7656;1745169;1168178
15853;1084322;1209346
40432;1564498;808944
32241;2096097;76331
15862;1515127;223900
56822;1862950;292098
56823;1858271;304246
7672;1200319;432567
56824;1863305;306912
56828;1852604;314293
56829;1845349;328175
15871;1529893;190697
32260;915524;201343
7685;1346384;1181174
15880;1547693;150920
24075;1056856;1497159
7692;1902168;679899
32272;915391;215213
15889;1559595;124173
56850;1839312;326299
48660;890848;1158161
40475;302950;1336385
7709;411945;675770
32291;1035701;186652
7716;1084846;1024330
40488;2034490;486896
7727;185471;1417963
32303;1032002;223739
56879;1851585;331379
56880;1852883;334023
56881;1856910;333662
40501;2030273;474102
7734;1745147;1219095
32316;1589203;916543
56895;1856952;361184
7745;955755;469279
24130;1885762;412033
40516;551989;548030
48709;14262;1073336
15943;1859448;744114
32328;1593467;937419
24141;1247974;702101
15952;1907549;669827
7761;1285862;588460
24153;1245598;739562
7772;1698235;379597
40541;1959207;669708
56925;1852377;307728
56926;1862427;285203
32351;1188745;954488
15970;305839;1170632
7779;957857;227434
48740;484460;620395
56933;1884963;374336
40553;1952791;679468
56937;1854699;372989
7786;1488304;941402
56938;1859623;362400
32363;1175436;953889
56944;1869366;308454
7795;1402604;1203718
15988;318745;1017487
32374;1671636;208489
48761;1235597;1415473
40570;612610;714042
7804;1860889;1211524
15997;312804;1086468
32386;1661453;185474
7815;1761768;1246784
40583;604297;702173
56969;1881704;314344
56971;1867983;344182
56972;1875104;327245
56973;1872912;326259
7822;197590;1457452
16015;579726;1355402
24211;1113705;209404
7829;1503806;948270
40598;1042043;1409742
56983;1794282;228319
16024;482921;1347498
56985;1780743;226629
56986;1782567;213485
32413;2027696;369954
24223;1121325;233029
7840;1669306;1433103
40610;1033916;1429430
56995;1905045;283887
56998;1907264;263894
48806;452163;1226392
56999;1926188;258616
57001;1973905;317658
7849;1386091;1195439
57004;1955724;319727
40621;2121132;173219
57005;1941693;318048
7856;1677226;253990
57014;1925862;403164
24248;1594976;554127
7865;1710150;1263124
40633;2123397;202246
32442;1674021;462869
57018;1936448;371036
48827;1209324;558353
57020;1943100;381900
57021;1964272;361494
7874;1695257;1179599
24260;1595729;573472
32454;1678668;481392
48839;1185506;563984
7881;1777168;1156464
40654;873962;841004
32465;584378;1256496
7890;974895;187516
40666;878529;821634
24285;478352;1085531
32477;580207;1239941
7905;1596949;940055
57061;2021037;348183
57062;2015649;308631
32488;1122445;987765
24297;484591;1058741
7921;1384267;1217656
16114;1287373;1056266
32500;1098753;971207
57081;1923109;459258
57084;1956917;470219
7932;580919;1231497
32511;890739;549062
57087;1816750;400834
48896;2058821;1435774
57090;1844031;406370
57091;1902886;434671
7941;899572;1128758
57096;1947341;397858
57098;1966157;375644
32523;887719;524867
40715;23393;1045622
24332;685481;961456
57101;1979384;371655
7950;1512173;732421
57104;1984702;362531
57107;1985663;357269
7965;605409;1233168
7972;1697868;1132225
40746;279857;458876
48939;1503351;877939
7983;1495912;479887
7990;1731162;638218
24375;1688085;664065
16186;1720193;1162077
32571;1802855;344629
57147;1957885;344245
7997;1201540;681170
57149;1974582;352104
57150;1963741;346333
40767;782729;537188
57153;1965837;339486
57154;1952363;332987
16195;1730624;1162387
57155;1951684;341641
8004;2025680;31197
57156;1946130;353515
32583;1793929;345884
8011;1628657;903312
40779;783256;516299
16204;1740186;1165772
32594;1580343;788262
48979;211310;401645
8020;2010728;655280
57172;1948594;327293
16213;1748543;1172383
24410;895977;112798
8029;887688;516930
48990;1538758;1488446
16222;1753602;1179745
32606;1579671;778187
8036;1755828;1203455
16231;1756315;1188683
32617;1733326;361886
49002;1540416;1478344
8045;1784640;1212331
16240;1756334;1198085
57202;1951205;379442
57203;1972101;353986
40820;477920;1228475
32629;1739416;371652
49015;993081;1360520
8056;202789;1470232
16249;1753152;1208053
24441;1209001;188544
8063;1951909;682153
32642;2065043;33100
16258;1748288;1215184
49027;989202;1347978
24452;1370644;1055129
8070;1425252;468044
57223;2126534;439456
57225;2126257;461680
57226;2122197;488779
16267;1741618;1220845
8077;871703;616182
32654;2057980;49048
40847;2031568;690145
24464;1363930;1090418
16276;1734407;1224010
49046;1276669;1360130
8086;1926821;171874
57242;2031072;630124
40859;2035374;671681
24477;1004700;204154
8093;1032513;1431955
16285;1725147;1225521
49058;1288705;1332524
8100;1734910;46307
32677;471770;633325
16294;1713876;1223657
24489;1005774;225843
8107;1987994;510224
57262;1896468;687672
16303;77271;979112
32688;592114;1333205
49073;1113713;1058960
57265;1890770;695451
8114;1697799;241619
57266;1886915;703000
57267;1888370;693926
16312;36451;975995
32700;586473;1348293
49085;1118858;1077105
8127;2056062;51885
32711;2052287;511768
49096;714224;1184483
57289;1881766;710055
16330;1086327;953432
57290;1873836;723479
40910;1747754;763653
57294;1875031;705081
57295;1867057;701292
16339;1086954;964111
32723;2055442;485216
8148;1542122;964138
24532;755800;215412
49108;712033;1171762
57305;2027888;883003
57307;2021372;848580
57308;2012093;867847
16348;1086017;997429
8157;1607260;1238371
24543;1995051;144801
57314;2050795;882406
8164;2079387;642786
16357;1081698;1049641
57318;2087057;866290
8171;978162;166237
24555;1958390;127494
57325;2093916;899851
16366;143182;986106
8178;586145;1354290
57331;2100794;847440
57332;2082159;835101
57335;1980893;828872
16375;228897;993212
49143;1015233;619350
24568;751268;878305
57336;2046517;811483
40953;441611;963976
32762;720781;650725
